,sign_holm_bonferroni,sign_sidak,sign_bonferroni,sign_lsu,sign_uncorr_0.01,sign_uncorr_0.05,sign_eff_0.05,sign_eff_0.1,sign_eff_0.15,chan_pair,band
0,0.0,0.0,0.0,0.15,0.1,0.225,0.15,0.1,0.025,F3/F4,delta
1,0.0,0.0,0.0,0.025,0.025,0.075,0.025,0.025,0.0,C3/P4,delta
2,0.0,0.0,0.0,0.0,0.0,0.0,0.0,0.0,0.0,F7/F4,delta
3,0.15,0.15,0.125,1.0,0.975,1.0,1.0,1.0,0.925,F3/C3,delta
4,0.2,0.2,0.2,0.85,0.75,0.875,0.85,0.625,0.55,Fp1/T3,delta
5,0.0,0.0,0.0,0.15,0.1,0.4,0.25,0.1,0.075,F3/P3,delta
6,0.0,0.0,0.0,0.075,0.075,0.225,0.1,0.025,0.025,Cz/P4,delta
7,0.0,0.0,0.0,0.125,0.075,0.35,0.225,0.1,0.05,F3/C4,delta
8,0.0,0.0,0.0,0.15,0.1,0.375,0.225,0.125,0.025,Cz/P3,delta
9,0.0,0.0,0.0,0.15,0.05,0.425,0.2,0.15,0.05,C4/T6,delta
10,0.0,0.0,0.0,0.0,0.0,0.0,0.0,0.0,0.0,F8/C3,delta
11,0.0,0.0,0.0,0.375,0.25,0.65,0.5,0.3,0.1,Fp1/F7,delta
12,0.0,0.0,0.0,0.45,0.375,0.6,0.475,0.375,0.225,T3/C3,delta
13,0.0,0.0,0.0,0.0,0.0,0.0,0.0,0.0,0.0,T5/T6,delta
14,0.0,0.0,0.0,0.075,0.025,0.175,0.1,0.025,0.0,T6/O2,delta
15,0.0,0.0,0.0,0.375,0.375,0.65,0.475,0.375,0.275,Fz/F4,delta
16,0.3,0.275,0.275,1.0,0.975,1.0,1.0,1.0,0.975,Fp1/F3,delta
17,0.0,0.0,0.0,0.0,0.0,0.0,0.0,0.0,0.0,F3/T4,delta
18,0.0,0.0,0.0,0.0,0.0,0.0,0.0,0.0,0.0,Cz/C4,delta
19,0.0,0.0,0.0,0.0,0.0,0.1,0.025,0.0,0.0,C4/O1,delta
20,0.0,0.0,0.0,0.0,0.0,0.05,0.0,0.0,0.0,Fp2/F8,delta
21,0.0,0.0,0.0,0.15,0.05,0.3,0.2,0.05,0.025,F7/Cz,delta
22,0.0,0.0,0.0,0.025,0.0,0.1,0.1,0.0,0.0,F3/P4,delta
23,0.0,0.0,0.0,0.275,0.2,0.5,0.4,0.225,0.15,P4/O1,delta
24,0.0,0.0,0.0,0.375,0.25,0.575,0.425,0.175,0.05,Fp1/F8,delta
25,0.0,0.0,0.0,0.1,0.05,0.125,0.125,0.1,0.025,Fz/C4,delta
26,0.0,0.0,0.0,0.175,0.075,0.25,0.2,0.1,0.075,Fp1/Fp2,delta
27,0.0,0.0,0.0,0.1,0.075,0.225,0.125,0.05,0.0,C4/P3,delta
28,0.0,0.0,0.0,0.0,0.0,0.0,0.0,0.0,0.0,Fz/P4,delta
29,0.0,0.0,0.0,0.1,0.075,0.175,0.125,0.075,0.025,Fz/T5,delta
30,0.0,0.0,0.0,0.0,0.0,0.025,0.025,0.0,0.0,F4/O1,delta
31,0.025,0.025,0.025,0.425,0.35,0.6,0.425,0.25,0.1,P3/P4,delta
32,0.325,0.3,0.275,0.95,0.95,1.0,0.95,0.9,0.825,O1/O2,delta
33,0.0,0.0,0.0,0.025,0.025,0.075,0.025,0.0,0.0,Fp2/Pz,delta
34,0.4,0.375,0.375,1.0,1.0,1.0,1.0,0.975,0.925,Fp1/C3,delta
35,0.0,0.0,0.0,0.525,0.5,0.825,0.65,0.5,0.3,F4/T4,delta
36,0.0,0.0,0.0,0.025,0.025,0.025,0.025,0.025,0.025,T3/T4,delta
37,0.0,0.0,0.0,0.45,0.3,0.6,0.475,0.325,0.275,Cz/O2,delta
38,0.0,0.0,0.0,0.0,0.0,0.025,0.0,0.0,0.0,F8/P4,delta
39,0.025,0.025,0.025,0.675,0.65,0.875,0.7,0.65,0.55,Fp2/Fz,delta
40,0.0,0.0,0.0,0.275,0.125,0.55,0.4,0.15,0.025,P3/T6,delta
41,0.075,0.05,0.05,0.75,0.7,0.95,0.825,0.65,0.35,Fp2/T4,delta
42,0.0,0.0,0.0,0.375,0.25,0.65,0.575,0.3,0.075,Fz/T4,delta
43,0.0,0.0,0.0,0.275,0.2,0.65,0.4,0.225,0.05,F7/Fz,delta
44,0.025,0.025,0.025,0.6,0.475,0.75,0.65,0.4,0.275,F7/C3,delta
45,0.0,0.0,0.0,0.0,0.0,0.0,0.0,0.0,0.0,Fz/P3,delta
46,0.0,0.0,0.0,0.125,0.1,0.2,0.15,0.075,0.025,F4/T3,delta
47,0.0,0.0,0.0,0.0,0.0,0.0,0.0,0.0,0.0,F4/P4,delta
48,0.0,0.0,0.0,0.025,0.025,0.05,0.025,0.0,0.0,F8/T6,delta
49,0.0,0.0,0.0,0.125,0.1,0.4,0.175,0.1,0.025,F3/F8,delta
50,0.0,0.0,0.0,0.0,0.0,0.0,0.0,0.0,0.0,F7/T6,delta
51,0.0,0.0,0.0,0.0,0.0,0.025,0.0,0.0,0.0,T3/T6,delta
52,0.0,0.0,0.0,0.0,0.0,0.0,0.0,0.0,0.0,Fp2/O2,delta
53,0.0,0.0,0.0,0.175,0.075,0.425,0.2,0.05,0.025,F7/F8,delta
54,0.0,0.0,0.0,0.475,0.35,0.725,0.65,0.4,0.225,F4/C3,delta
55,0.0,0.0,0.0,0.0,0.0,0.125,0.025,0.0,0.0,F8/Pz,delta
56,0.0,0.0,0.0,0.425,0.325,0.7,0.55,0.375,0.225,C4/T4,delta
57,0.0,0.0,0.0,0.0,0.0,0.025,0.0,0.0,0.0,Fz/O2,delta
58,0.0,0.0,0.0,0.0,0.0,0.0,0.0,0.0,0.0,F8/T5,delta
59,0.0,0.0,0.0,0.05,0.025,0.125,0.1,0.0,0.0,F8/P3,delta
60,0.0,0.0,0.0,0.0,0.0,0.05,0.0,0.0,0.0,T5/O2,delta
61,0.0,0.0,0.0,0.0,0.0,0.1,0.025,0.0,0.0,Fp1/T4,delta
62,0.0,0.0,0.0,0.65,0.575,0.9,0.7,0.5,0.3,F3/Fz,delta
63,0.0,0.0,0.0,0.075,0.025,0.125,0.1,0.025,0.0,Fp1/Pz,delta
64,0.0,0.0,0.0,0.625,0.475,0.85,0.7,0.475,0.25,Fp1/C4,delta
65,0.0,0.0,0.0,0.175,0.1,0.325,0.225,0.1,0.05,T3/T5,delta
66,0.0,0.0,0.0,0.0,0.0,0.05,0.025,0.0,0.0,T5/P3,delta
67,0.0,0.0,0.0,0.05,0.025,0.175,0.075,0.025,0.0,Fp1/O2,delta
68,0.0,0.0,0.0,0.025,0.0,0.05,0.025,0.0,0.0,C4/T5,delta
69,0.0,0.0,0.0,0.175,0.1,0.275,0.225,0.05,0.0,F4/F8,delta
70,0.0,0.0,0.0,0.0,0.0,0.0,0.0,0.0,0.0,F7/P4,delta
71,0.0,0.0,0.0,0.125,0.075,0.325,0.175,0.05,0.025,Fz/Cz,delta
72,0.0,0.0,0.0,0.3,0.275,0.55,0.325,0.25,0.175,Fp1/P3,delta
73,0.0,0.0,0.0,0.225,0.1,0.375,0.25,0.05,0.025,F4/Pz,delta
74,0.0,0.0,0.0,0.025,0.025,0.1,0.1,0.05,0.0,C4/P4,delta
75,0.025,0.025,0.025,0.825,0.75,0.95,0.875,0.725,0.55,Fp2/Cz,delta
76,0.0,0.0,0.0,0.35,0.25,0.525,0.375,0.225,0.125,Fp1/T5,delta
77,0.0,0.0,0.0,0.0,0.0,0.0,0.0,0.0,0.0,P4/T6,delta
78,0.0,0.0,0.0,0.0,0.0,0.0,0.0,0.0,0.0,C3/Cz,delta
79,0.0,0.0,0.0,0.175,0.1,0.375,0.225,0.1,0.05,F7/P3,delta
80,0.0,0.0,0.0,0.025,0.0,0.025,0.025,0.0,0.0,F8/Cz,delta
81,0.0,0.0,0.0,0.025,0.025,0.125,0.075,0.025,0.0,Cz/O1,delta
82,0.0,0.0,0.0,0.05,0.05,0.125,0.05,0.025,0.025,T4/O1,delta
83,0.025,0.025,0.025,0.25,0.225,0.4,0.3,0.175,0.125,Pz/P4,delta
84,0.0,0.0,0.0,0.025,0.0,0.05,0.025,0.0,0.0,F7/T4,delta
85,0.0,0.0,0.0,0.0,0.0,0.0,0.0,0.0,0.0,T4/O2,delta
86,0.0,0.0,0.0,0.0,0.0,0.0,0.0,0.0,0.0,Fz/F8,delta
87,0.0,0.0,0.0,0.0,0.0,0.05,0.025,0.0,0.0,F8/T3,delta
88,0.0,0.0,0.0,0.075,0.05,0.1,0.1,0.075,0.0,Fp2/T3,delta
89,0.0,0.0,0.0,0.525,0.45,0.675,0.625,0.5,0.25,Fp2/F3,delta
90,0.025,0.025,0.025,0.275,0.275,0.475,0.35,0.25,0.125,F3/T5,delta
91,0.0,0.0,0.0,0.025,0.0,0.075,0.05,0.0,0.0,Fp1/T6,delta
92,0.0,0.0,0.0,0.0,0.0,0.025,0.0,0.0,0.0,F4/T6,delta
93,0.0,0.0,0.0,0.025,0.025,0.1,0.025,0.025,0.025,T3/O2,delta
94,0.0,0.0,0.0,0.05,0.025,0.05,0.05,0.025,0.0,F3/O2,delta
95,0.0,0.0,0.0,0.025,0.0,0.05,0.025,0.0,0.0,F7/Pz,delta
96,0.0,0.0,0.0,0.275,0.15,0.55,0.4,0.175,0.025,Cz/T6,delta
97,0.0,0.0,0.0,0.5,0.425,0.85,0.6,0.5,0.325,Fz/C3,delta
98,0.25,0.225,0.225,0.95,0.95,0.975,0.975,0.95,0.9,Pz/O2,delta
99,0.0,0.0,0.0,0.0,0.0,0.025,0.0,0.0,0.0,F7/C4,delta
100,0.0,0.0,0.0,0.0,0.0,0.075,0.0,0.0,0.0,P3/Pz,delta
101,0.0,0.0,0.0,0.05,0.05,0.275,0.15,0.05,0.025,C4/O2,delta
102,0.0,0.0,0.0,0.125,0.025,0.15,0.125,0.05,0.0,T4/P4,delta
103,0.1,0.1,0.1,0.9,0.85,1.0,0.975,0.875,0.775,P3/O2,delta
104,0.0,0.0,0.0,0.0,0.0,0.0,0.0,0.0,0.0,Fp2/O1,delta
105,0.025,0.0,0.0,0.275,0.2,0.5,0.4,0.2,0.125,Pz/T6,delta
106,0.025,0.025,0.025,0.2,0.15,0.475,0.35,0.15,0.1,T3/Pz,delta
107,0.05,0.05,0.05,0.9,0.75,0.975,0.95,0.775,0.6,F7/T3,delta
108,0.05,0.05,0.05,0.725,0.725,0.85,0.75,0.725,0.45,F7/F3,delta
109,0.0,0.0,0.0,0.0,0.0,0.0,0.0,0.0,0.0,T4/T6,delta
110,0.0,0.0,0.0,0.0,0.0,0.0,0.0,0.0,0.0,Fp1/O1,delta
111,0.025,0.025,0.025,0.325,0.275,0.525,0.375,0.275,0.15,Pz/O1,delta
112,0.0,0.0,0.0,0.0,0.0,0.05,0.025,0.0,0.0,C3/C4,delta
113,0.0,0.0,0.0,0.275,0.225,0.45,0.325,0.225,0.1,F8/T4,delta
114,0.0,0.0,0.0,0.275,0.2,0.575,0.45,0.25,0.125,T3/Cz,delta
115,0.0,0.0,0.0,0.0,0.0,0.025,0.0,0.0,0.0,Fp2/T6,delta
116,0.0,0.0,0.0,0.45,0.4,0.775,0.6,0.4,0.3,T3/P3,delta
117,0.0,0.0,0.0,0.0,0.0,0.0,0.0,0.0,0.0,C3/O1,delta
118,0.0,0.0,0.0,0.0,0.0,0.0,0.0,0.0,0.0,P4/O2,delta
119,0.0,0.0,0.0,0.1,0.1,0.3,0.175,0.1,0.0,T4/T5,delta
120,0.0,0.0,0.0,0.0,0.0,0.025,0.0,0.0,0.0,T5/Pz,delta
121,0.0,0.0,0.0,0.775,0.725,0.95,0.9,0.7,0.525,Fp1/F4,delta
122,0.125,0.125,0.125,0.95,0.9,1.0,1.0,0.95,0.775,Fp2/C3,delta
123,0.0,0.0,0.0,0.0,0.0,0.0,0.0,0.0,0.0,Fz/T6,delta
124,0.0,0.0,0.0,0.0,0.0,0.025,0.0,0.0,0.0,T4/P3,delta
125,0.0,0.0,0.0,0.225,0.2,0.375,0.25,0.225,0.1,F4/C4,delta
126,0.0,0.0,0.0,0.025,0.025,0.2,0.1,0.025,0.0,C3/T4,delta
127,0.0,0.0,0.0,0.0,0.0,0.0,0.0,0.0,0.0,Cz/Pz,delta
128,0.0,0.0,0.0,0.025,0.025,0.075,0.025,0.025,0.0,F7/O2,delta
129,0.0,0.0,0.0,0.125,0.05,0.375,0.2,0.075,0.0,Fp2/P3,delta
130,0.275,0.275,0.275,1.0,1.0,1.0,1.0,1.0,1.0,Fp1/Fz,delta
131,0.0,0.0,0.0,0.25,0.15,0.475,0.275,0.15,0.025,C3/O2,delta
132,0.0,0.0,0.0,0.0,0.0,0.0,0.0,0.0,0.0,C4/Pz,delta
133,0.25,0.225,0.225,0.625,0.525,0.775,0.575,0.5,0.375,F3/T3,delta
134,0.0,0.0,0.0,0.025,0.025,0.05,0.025,0.025,0.0,F8/O2,delta
135,0.0,0.0,0.0,0.025,0.025,0.075,0.075,0.025,0.025,F3/O1,delta
136,0.0,0.0,0.0,0.0,0.0,0.025,0.0,0.0,0.0,F4/T5,delta
137,0.0,0.0,0.0,0.075,0.05,0.15,0.1,0.05,0.025,T5/O1,delta
138,0.05,0.05,0.05,0.525,0.325,0.8,0.675,0.325,0.25,F3/Pz,delta
139,0.0,0.0,0.0,0.025,0.0,0.1,0.05,0.0,0.0,F3/T6,delta
140,0.025,0.025,0.025,0.675,0.525,0.9,0.825,0.625,0.275,F3/Cz,delta
141,0.0,0.0,0.0,0.0,0.0,0.0,0.0,0.0,0.0,Fp1/P4,delta
142,0.0,0.0,0.0,0.125,0.025,0.3,0.125,0.05,0.0,T3/C4,delta
143,0.0,0.0,0.0,0.0,0.0,0.025,0.0,0.0,0.0,F7/O1,delta
144,0.0,0.0,0.0,0.0,0.0,0.05,0.025,0.0,0.0,C3/Pz,delta
145,0.0,0.0,0.0,0.025,0.025,0.05,0.025,0.0,0.0,T3/P4,delta
146,0.125,0.125,0.125,0.9,0.85,0.975,0.95,0.875,0.625,Fp2/F4,delta
147,0.0,0.0,0.0,0.0,0.0,0.025,0.025,0.0,0.0,C3/P3,delta
148,0.0,0.0,0.0,0.05,0.025,0.225,0.075,0.025,0.0,C3/T6,delta
149,0.0,0.0,0.0,0.175,0.15,0.275,0.175,0.1,0.025,Fp2/F7,delta
150,0.0,0.0,0.0,0.025,0.025,0.075,0.025,0.025,0.0,Fz/O1,delta
151,0.0,0.0,0.0,0.275,0.2,0.5,0.35,0.2,0.175,F4/Cz,delta
152,0.0,0.0,0.0,0.325,0.2,0.55,0.4,0.2,0.075,T3/O1,delta
153,0.0,0.0,0.0,0.0,0.0,0.0,0.0,0.0,0.0,F4/P3,delta
154,0.0,0.0,0.0,0.275,0.225,0.55,0.425,0.225,0.075,Cz/T4,delta
155,0.0,0.0,0.0,0.1,0.075,0.125,0.1,0.075,0.0,T6/O1,delta
156,0.0,0.0,0.0,0.175,0.1,0.25,0.175,0.1,0.0,Fz/Pz,delta
157,0.025,0.025,0.025,0.45,0.325,0.575,0.5,0.35,0.125,F7/T5,delta
158,0.0,0.0,0.0,0.025,0.025,0.1,0.025,0.025,0.025,F8/O1,delta
159,0.0,0.0,0.0,0.075,0.05,0.125,0.125,0.075,0.025,T4/Pz,delta
160,0.05,0.05,0.05,0.625,0.55,0.75,0.675,0.525,0.4,Fz/T3,delta
161,0.025,0.025,0.025,0.75,0.625,0.95,0.825,0.6,0.4,Fp1/Cz,delta
162,0.0,0.0,0.0,0.075,0.025,0.1,0.075,0.0,0.0,T5/P4,delta
163,0.0,0.0,0.0,0.0,0.0,0.05,0.0,0.0,0.0,C3/T5,delta
164,0.0,0.0,0.0,0.0,0.0,0.025,0.0,0.0,0.0,P3/O1,delta
165,0.0,0.0,0.0,0.1,0.1,0.15,0.125,0.075,0.0,Fp2/T5,delta
166,0.0,0.0,0.0,0.05,0.05,0.1,0.1,0.025,0.025,Fp2/P4,delta
167,0.0,0.0,0.0,0.025,0.025,0.025,0.025,0.025,0.0,F4/O2,delta
168,0.0,0.0,0.0,0.0,0.0,0.025,0.0,0.0,0.0,Cz/T5,delta
169,0.1,0.1,0.1,0.85,0.775,0.95,0.925,0.75,0.425,Fp2/C4,delta
170,0.0,0.0,0.0,0.025,0.025,0.025,0.025,0.025,0.0,F8/C4,delta
171,0.025,0.025,0.025,0.6,0.55,0.75,0.7,0.475,0.275,F3/F4,theta
172,0.0,0.0,0.0,0.0,0.0,0.025,0.0,0.0,0.0,C3/P4,theta
173,0.05,0.05,0.05,0.375,0.325,0.65,0.45,0.325,0.2,F7/F4,theta
174,0.0,0.0,0.0,0.425,0.425,0.8,0.7,0.575,0.3,F3/C3,theta
175,0.225,0.225,0.225,0.925,0.9,0.975,0.95,0.825,0.725,Fp1/T3,theta
176,0.0,0.0,0.0,0.025,0.025,0.1,0.075,0.025,0.0,F3/P3,theta
177,0.0,0.0,0.0,0.05,0.0,0.175,0.1,0.0,0.0,Cz/P4,theta
178,0.0,0.0,0.0,0.725,0.625,0.9,0.725,0.65,0.225,F3/C4,theta
179,0.0,0.0,0.0,0.075,0.025,0.25,0.175,0.025,0.025,Cz/P3,theta
180,0.0,0.0,0.0,0.3,0.175,0.475,0.3,0.125,0.025,C4/T6,theta
181,0.0,0.0,0.0,0.0,0.0,0.1,0.05,0.0,0.0,F8/C3,theta
182,0.0,0.0,0.0,0.85,0.8,0.95,0.875,0.8,0.65,Fp1/F7,theta
183,0.0,0.0,0.0,0.275,0.125,0.575,0.425,0.225,0.075,T3/C3,theta
184,0.0,0.0,0.0,0.0,0.0,0.075,0.025,0.0,0.0,T5/T6,theta
185,0.0,0.0,0.0,0.1,0.075,0.325,0.125,0.05,0.0,T6/O2,theta
186,0.175,0.15,0.15,0.775,0.75,0.95,0.85,0.675,0.5,Fz/F4,theta
187,0.675,0.675,0.675,1.0,1.0,1.0,1.0,1.0,1.0,Fp1/F3,theta
188,0.0,0.0,0.0,0.25,0.2,0.45,0.3,0.15,0.05,F3/T4,theta
189,0.0,0.0,0.0,0.05,0.0,0.15,0.05,0.05,0.0,Cz/C4,theta
190,0.0,0.0,0.0,0.0,0.0,0.125,0.0,0.0,0.0,C4/O1,theta
191,0.0,0.0,0.0,0.125,0.075,0.275,0.175,0.075,0.025,Fp2/F8,theta
192,0.0,0.0,0.0,0.15,0.125,0.45,0.25,0.125,0.1,F7/Cz,theta
193,0.0,0.0,0.0,0.025,0.025,0.075,0.05,0.025,0.0,F3/P4,theta
194,0.0,0.0,0.0,0.075,0.05,0.275,0.075,0.025,0.0,P4/O1,theta
195,0.0,0.0,0.0,0.0,0.0,0.0,0.0,0.0,0.0,Fp1/F8,theta
196,0.0,0.0,0.0,0.175,0.125,0.475,0.35,0.175,0.025,Fz/C4,theta
197,0.0,0.0,0.0,0.275,0.225,0.425,0.3,0.2,0.1,Fp1/Fp2,theta
198,0.0,0.0,0.0,0.075,0.025,0.175,0.075,0.0,0.0,C4/P3,theta
199,0.0,0.0,0.0,0.0,0.0,0.075,0.0,0.0,0.0,Fz/P4,theta
200,0.0,0.0,0.0,0.0,0.0,0.0,0.0,0.0,0.0,Fz/T5,theta
201,0.0,0.0,0.0,0.0,0.0,0.05,0.0,0.0,0.0,F4/O1,theta
202,0.025,0.025,0.025,0.15,0.125,0.3,0.175,0.125,0.075,P3/P4,theta
203,0.225,0.225,0.225,0.85,0.775,0.925,0.825,0.675,0.45,O1/O2,theta
204,0.0,0.0,0.0,0.35,0.275,0.475,0.375,0.275,0.2,Fp2/Pz,theta
205,0.15,0.15,0.15,1.0,1.0,1.0,1.0,1.0,0.95,Fp1/C3,theta
206,0.0,0.0,0.0,0.2,0.125,0.35,0.25,0.075,0.05,F4/T4,theta
207,0.0,0.0,0.0,0.0,0.0,0.0,0.0,0.0,0.0,T3/T4,theta
208,0.025,0.025,0.025,0.25,0.2,0.475,0.3,0.15,0.05,Cz/O2,theta
209,0.0,0.0,0.0,0.0,0.0,0.075,0.025,0.0,0.0,F8/P4,theta
210,0.2,0.175,0.175,0.8,0.725,0.95,0.8,0.625,0.525,Fp2/Fz,theta
211,0.0,0.0,0.0,0.375,0.3,0.5,0.4,0.225,0.075,P3/T6,theta
212,0.0,0.0,0.0,0.35,0.325,0.675,0.525,0.3,0.2,Fp2/T4,theta
213,0.0,0.0,0.0,0.175,0.075,0.35,0.3,0.075,0.025,Fz/T4,theta
214,0.125,0.125,0.125,0.9,0.8,0.95,0.9,0.775,0.725,F7/Fz,theta
215,0.0,0.0,0.0,0.375,0.25,0.675,0.475,0.275,0.2,F7/C3,theta
216,0.0,0.0,0.0,0.0,0.0,0.0,0.0,0.0,0.0,Fz/P3,theta
217,0.0,0.0,0.0,0.2,0.15,0.425,0.275,0.15,0.05,F4/T3,theta
218,0.0,0.0,0.0,0.0,0.0,0.075,0.0,0.0,0.0,F4/P4,theta
219,0.0,0.0,0.0,0.025,0.025,0.125,0.05,0.025,0.025,F8/T6,theta
220,0.0,0.0,0.0,0.05,0.025,0.1,0.075,0.05,0.0,F3/F8,theta
221,0.0,0.0,0.0,0.05,0.05,0.1,0.075,0.05,0.025,F7/T6,theta
222,0.0,0.0,0.0,0.0,0.0,0.0,0.0,0.0,0.0,T3/T6,theta
223,0.0,0.0,0.0,0.0,0.0,0.125,0.0,0.0,0.0,Fp2/O2,theta
224,0.0,0.0,0.0,0.025,0.0,0.025,0.025,0.0,0.0,F7/F8,theta
225,0.0,0.0,0.0,0.6,0.55,0.8,0.675,0.55,0.325,F4/C3,theta
226,0.0,0.0,0.0,0.15,0.1,0.275,0.175,0.1,0.025,F8/Pz,theta
227,0.025,0.025,0.025,0.9,0.825,0.95,0.95,0.875,0.675,C4/T4,theta
228,0.0,0.0,0.0,0.0,0.0,0.075,0.0,0.0,0.0,Fz/O2,theta
229,0.0,0.0,0.0,0.0,0.0,0.025,0.0,0.0,0.0,F8/T5,theta
230,0.0,0.0,0.0,0.0,0.0,0.0,0.0,0.0,0.0,F8/P3,theta
231,0.0,0.0,0.0,0.425,0.25,0.625,0.525,0.2,0.125,T5/O2,theta
232,0.0,0.0,0.0,0.0,0.0,0.025,0.0,0.0,0.0,Fp1/T4,theta
233,0.075,0.075,0.075,0.875,0.875,0.975,0.925,0.875,0.675,F3/Fz,theta
234,0.0,0.0,0.0,0.175,0.1,0.4,0.225,0.1,0.1,Fp1/Pz,theta
235,0.075,0.075,0.075,0.925,0.875,0.975,0.95,0.85,0.75,Fp1/C4,theta
236,0.0,0.0,0.0,0.1,0.075,0.25,0.125,0.075,0.0,T3/T5,theta
237,0.0,0.0,0.0,0.0,0.0,0.05,0.05,0.0,0.0,T5/P3,theta
238,0.0,0.0,0.0,0.0,0.0,0.15,0.05,0.0,0.0,Fp1/O2,theta
239,0.0,0.0,0.0,0.025,0.025,0.05,0.025,0.025,0.0,C4/T5,theta
240,0.0,0.0,0.0,0.175,0.15,0.35,0.2,0.125,0.025,F4/F8,theta
241,0.0,0.0,0.0,0.0,0.0,0.0,0.0,0.0,0.0,F7/P4,theta
242,0.0,0.0,0.0,0.075,0.05,0.25,0.125,0.025,0.0,Fz/Cz,theta
243,0.025,0.025,0.025,0.375,0.35,0.6,0.425,0.325,0.275,Fp1/P3,theta
244,0.0,0.0,0.0,0.075,0.05,0.225,0.2,0.025,0.025,F4/Pz,theta
245,0.0,0.0,0.0,0.025,0.0,0.05,0.025,0.025,0.0,C4/P4,theta
246,0.0,0.0,0.0,0.55,0.475,0.7,0.6,0.45,0.325,Fp2/Cz,theta
247,0.0,0.0,0.0,0.0,0.0,0.05,0.025,0.0,0.0,Fp1/T5,theta
248,0.0,0.0,0.0,0.0,0.0,0.0,0.0,0.0,0.0,P4/T6,theta
249,0.0,0.0,0.0,0.075,0.05,0.25,0.175,0.075,0.0,C3/Cz,theta
250,0.0,0.0,0.0,0.1,0.075,0.225,0.1,0.05,0.0,F7/P3,theta
251,0.0,0.0,0.0,0.025,0.025,0.175,0.025,0.025,0.0,F8/Cz,theta
252,0.0,0.0,0.0,0.125,0.05,0.25,0.1,0.05,0.0,Cz/O1,theta
253,0.0,0.0,0.0,0.0,0.0,0.0,0.0,0.0,0.0,T4/O1,theta
254,0.0,0.0,0.0,0.0,0.0,0.075,0.025,0.0,0.0,Pz/P4,theta
255,0.0,0.0,0.0,0.0,0.0,0.025,0.0,0.0,0.0,F7/T4,theta
256,0.0,0.0,0.0,0.1,0.1,0.3,0.2,0.1,0.025,T4/O2,theta
257,0.0,0.0,0.0,0.05,0.05,0.2,0.075,0.05,0.0,Fz/F8,theta
258,0.0,0.0,0.0,0.05,0.05,0.05,0.05,0.05,0.025,F8/T3,theta
259,0.0,0.0,0.0,0.075,0.075,0.15,0.1,0.05,0.025,Fp2/T3,theta
260,0.125,0.125,0.125,0.825,0.8,0.975,0.925,0.75,0.625,Fp2/F3,theta
261,0.0,0.0,0.0,0.025,0.0,0.05,0.05,0.0,0.0,F3/T5,theta
262,0.0,0.0,0.0,0.025,0.025,0.05,0.05,0.025,0.0,Fp1/T6,theta
263,0.0,0.0,0.0,0.0,0.0,0.05,0.0,0.0,0.0,F4/T6,theta
264,0.0,0.0,0.0,0.0,0.0,0.05,0.0,0.0,0.0,T3/O2,theta
265,0.0,0.0,0.0,0.0,0.0,0.025,0.025,0.0,0.0,F3/O2,theta
266,0.0,0.0,0.0,0.1,0.05,0.25,0.2,0.025,0.0,F7/Pz,theta
267,0.025,0.025,0.025,0.35,0.3,0.55,0.425,0.25,0.15,Cz/T6,theta
268,0.0,0.0,0.0,0.175,0.075,0.55,0.4,0.075,0.025,Fz/C3,theta
269,0.025,0.025,0.025,0.225,0.175,0.6,0.325,0.175,0.125,Pz/O2,theta
270,0.0,0.0,0.0,0.25,0.225,0.325,0.275,0.125,0.025,F7/C4,theta
271,0.0,0.0,0.0,0.0,0.0,0.0,0.0,0.0,0.0,P3/Pz,theta
272,0.0,0.0,0.0,0.05,0.025,0.2,0.1,0.025,0.0,C4/O2,theta
273,0.0,0.0,0.0,0.45,0.425,0.65,0.575,0.4,0.3,T4/P4,theta
274,0.0,0.0,0.0,0.5,0.35,0.625,0.525,0.275,0.125,P3/O2,theta
275,0.0,0.0,0.0,0.0,0.0,0.025,0.0,0.0,0.0,Fp2/O1,theta
276,0.05,0.05,0.05,0.45,0.35,0.7,0.5,0.3,0.175,Pz/T6,theta
277,0.0,0.0,0.0,0.1,0.075,0.25,0.15,0.05,0.0,T3/Pz,theta
278,0.025,0.025,0.025,0.425,0.325,0.775,0.575,0.325,0.125,F7/T3,theta
279,0.15,0.125,0.1,0.95,0.925,1.0,1.0,0.95,0.9,F7/F3,theta
280,0.0,0.0,0.0,0.0,0.0,0.05,0.0,0.0,0.0,T4/T6,theta
281,0.0,0.0,0.0,0.075,0.075,0.15,0.1,0.05,0.0,Fp1/O1,theta
282,0.0,0.0,0.0,0.05,0.025,0.1,0.05,0.025,0.0,Pz/O1,theta
283,0.0,0.0,0.0,0.0,0.0,0.075,0.075,0.0,0.0,C3/C4,theta
284,0.0,0.0,0.0,0.425,0.3,0.675,0.5,0.35,0.25,F8/T4,theta
285,0.0,0.0,0.0,0.175,0.1,0.375,0.225,0.125,0.025,T3/Cz,theta
286,0.0,0.0,0.0,0.0,0.0,0.025,0.0,0.0,0.0,Fp2/T6,theta
287,0.0,0.0,0.0,0.125,0.075,0.3,0.275,0.125,0.05,T3/P3,theta
288,0.0,0.0,0.0,0.025,0.0,0.025,0.025,0.0,0.0,C3/O1,theta
289,0.0,0.0,0.0,0.075,0.025,0.225,0.125,0.025,0.0,P4/O2,theta
290,0.0,0.0,0.0,0.0,0.0,0.075,0.0,0.0,0.0,T4/T5,theta
291,0.0,0.0,0.0,0.075,0.075,0.1,0.075,0.075,0.05,T5/Pz,theta
292,0.175,0.175,0.175,1.0,0.975,1.0,1.0,0.975,0.9,Fp1/F4,theta
293,0.025,0.025,0.025,0.725,0.725,0.95,0.775,0.7,0.575,Fp2/C3,theta
294,0.0,0.0,0.0,0.0,0.0,0.025,0.0,0.0,0.0,Fz/T6,theta
295,0.0,0.0,0.0,0.025,0.025,0.1,0.05,0.025,0.0,T4/P3,theta
296,0.0,0.0,0.0,0.125,0.05,0.35,0.225,0.05,0.025,F4/C4,theta
297,0.0,0.0,0.0,0.275,0.2,0.575,0.4,0.2,0.175,C3/T4,theta
298,0.0,0.0,0.0,0.025,0.025,0.075,0.025,0.025,0.025,Cz/Pz,theta
299,0.0,0.0,0.0,0.0,0.0,0.0,0.0,0.0,0.0,F7/O2,theta
300,0.0,0.0,0.0,0.225,0.15,0.425,0.275,0.15,0.05,Fp2/P3,theta
301,0.3,0.275,0.25,1.0,1.0,1.0,1.0,1.0,0.975,Fp1/Fz,theta
302,0.025,0.025,0.025,0.2,0.175,0.375,0.225,0.15,0.1,C3/O2,theta
303,0.0,0.0,0.0,0.0,0.0,0.0,0.0,0.0,0.0,C4/Pz,theta
304,0.025,0.025,0.025,0.575,0.525,0.75,0.675,0.475,0.375,F3/T3,theta
305,0.0,0.0,0.0,0.0,0.0,0.0,0.0,0.0,0.0,F8/O2,theta
306,0.0,0.0,0.0,0.0,0.0,0.05,0.025,0.0,0.0,F3/O1,theta
307,0.0,0.0,0.0,0.0,0.0,0.0,0.0,0.0,0.0,F4/T5,theta
308,0.0,0.0,0.0,0.075,0.025,0.15,0.125,0.075,0.025,T5/O1,theta
309,0.0,0.0,0.0,0.25,0.175,0.425,0.35,0.225,0.075,F3/Pz,theta
310,0.0,0.0,0.0,0.0,0.0,0.05,0.025,0.0,0.0,F3/T6,theta
311,0.0,0.0,0.0,0.625,0.525,0.775,0.725,0.425,0.25,F3/Cz,theta
312,0.0,0.0,0.0,0.125,0.125,0.275,0.25,0.125,0.05,Fp1/P4,theta
313,0.0,0.0,0.0,0.1,0.05,0.375,0.075,0.05,0.0,T3/C4,theta
314,0.0,0.0,0.0,0.0,0.0,0.0,0.0,0.0,0.0,F7/O1,theta
315,0.0,0.0,0.0,0.025,0.025,0.075,0.025,0.025,0.0,C3/Pz,theta
316,0.0,0.0,0.0,0.0,0.0,0.0,0.0,0.0,0.0,T3/P4,theta
317,0.025,0.025,0.025,0.8,0.75,0.975,0.85,0.675,0.575,Fp2/F4,theta
318,0.0,0.0,0.0,0.0,0.0,0.05,0.05,0.0,0.0,C3/P3,theta
319,0.0,0.0,0.0,0.1,0.05,0.25,0.1,0.05,0.025,C3/T6,theta
320,0.0,0.0,0.0,0.05,0.05,0.2,0.1,0.025,0.0,Fp2/F7,theta
321,0.0,0.0,0.0,0.0,0.0,0.075,0.0,0.0,0.0,Fz/O1,theta
322,0.0,0.0,0.0,0.275,0.225,0.425,0.3,0.2,0.15,F4/Cz,theta
323,0.0,0.0,0.0,0.075,0.025,0.15,0.125,0.05,0.0,T3/O1,theta
324,0.0,0.0,0.0,0.0,0.0,0.025,0.025,0.0,0.0,F4/P3,theta
325,0.0,0.0,0.0,0.4,0.325,0.6,0.475,0.375,0.175,Cz/T4,theta
326,0.0,0.0,0.0,0.275,0.2,0.425,0.25,0.15,0.05,T6/O1,theta
327,0.0,0.0,0.0,0.05,0.05,0.275,0.1,0.05,0.0,Fz/Pz,theta
328,0.0,0.0,0.0,0.025,0.025,0.075,0.025,0.025,0.025,F7/T5,theta
329,0.0,0.0,0.0,0.0,0.0,0.05,0.0,0.0,0.0,F8/O1,theta
330,0.0,0.0,0.0,0.175,0.125,0.275,0.2,0.125,0.075,T4/Pz,theta
331,0.025,0.025,0.025,0.45,0.45,0.725,0.575,0.375,0.275,Fz/T3,theta
332,0.0,0.0,0.0,0.7,0.625,0.9,0.775,0.625,0.475,Fp1/Cz,theta
333,0.0,0.0,0.0,0.15,0.075,0.35,0.175,0.075,0.05,T5/P4,theta
334,0.0,0.0,0.0,0.05,0.05,0.1,0.05,0.05,0.0,C3/T5,theta
335,0.0,0.0,0.0,0.0,0.0,0.0,0.0,0.0,0.0,P3/O1,theta
336,0.0,0.0,0.0,0.0,0.0,0.025,0.0,0.0,0.0,Fp2/T5,theta
337,0.0,0.0,0.0,0.3,0.225,0.4,0.325,0.225,0.15,Fp2/P4,theta
338,0.0,0.0,0.0,0.0,0.0,0.0,0.0,0.0,0.0,F4/O2,theta
339,0.0,0.0,0.0,0.05,0.05,0.075,0.05,0.05,0.0,Cz/T5,theta
340,0.025,0.025,0.025,0.85,0.775,0.975,0.95,0.8,0.525,Fp2/C4,theta
341,0.0,0.0,0.0,0.05,0.0,0.05,0.05,0.05,0.0,F8/C4,theta
342,0.425,0.425,0.425,1.0,0.975,1.0,1.0,0.95,0.875,F3/F4,alpha1
343,0.0,0.0,0.0,0.05,0.025,0.175,0.1,0.025,0.0,C3/P4,alpha1
344,0.15,0.15,0.15,0.925,0.875,0.95,0.925,0.825,0.7,F7/F4,alpha1
345,0.075,0.075,0.075,0.65,0.525,0.875,0.8,0.55,0.375,F3/C3,alpha1
346,0.125,0.125,0.125,0.9,0.85,0.975,0.95,0.85,0.775,Fp1/T3,alpha1
347,0.0,0.0,0.0,0.0,0.0,0.05,0.0,0.0,0.0,F3/P3,alpha1
348,0.0,0.0,0.0,0.2,0.125,0.45,0.3,0.15,0.075,Cz/P4,alpha1
349,0.025,0.025,0.025,0.675,0.6,0.85,0.775,0.55,0.375,F3/C4,alpha1
350,0.0,0.0,0.0,0.175,0.1,0.45,0.375,0.225,0.075,Cz/P3,alpha1
351,0.1,0.1,0.1,1.0,1.0,1.0,1.0,1.0,0.875,C4/T6,alpha1
352,0.025,0.025,0.025,0.575,0.5,0.75,0.65,0.425,0.3,F8/C3,alpha1
353,0.75,0.75,0.75,1.0,1.0,1.0,1.0,1.0,1.0,Fp1/F7,alpha1
354,0.075,0.075,0.075,0.6,0.575,0.75,0.6,0.5,0.325,T3/C3,alpha1
355,0.05,0.05,0.05,0.5,0.475,0.75,0.55,0.45,0.325,T5/T6,alpha1
356,0.0,0.0,0.0,0.025,0.025,0.05,0.025,0.025,0.025,T6/O2,alpha1
357,0.55,0.55,0.55,0.95,0.95,1.0,0.95,0.7,0.6,Fz/F4,alpha1
358,1.0,1.0,1.0,1.0,1.0,1.0,1.0,1.0,1.0,Fp1/F3,alpha1
359,0.0,0.0,0.0,0.45,0.3,0.6,0.525,0.275,0.175,F3/T4,alpha1
360,0.0,0.0,0.0,0.2,0.15,0.425,0.225,0.15,0.125,Cz/C4,alpha1
361,0.1,0.1,0.1,0.825,0.725,0.95,0.9,0.725,0.6,C4/O1,alpha1
362,0.05,0.025,0.0,0.65,0.625,0.85,0.725,0.425,0.375,Fp2/F8,alpha1
363,0.225,0.225,0.225,1.0,0.975,1.0,1.0,0.975,0.8,F7/Cz,alpha1
364,0.0,0.0,0.0,0.0,0.0,0.0,0.0,0.0,0.0,F3/P4,alpha1
365,0.025,0.025,0.025,0.575,0.525,0.95,0.6,0.45,0.25,P4/O1,alpha1
366,0.0,0.0,0.0,0.425,0.3,0.775,0.575,0.275,0.15,Fp1/F8,alpha1
367,0.0,0.0,0.0,0.225,0.15,0.25,0.225,0.125,0.075,Fz/C4,alpha1
368,0.075,0.075,0.075,0.625,0.575,0.7,0.6,0.5,0.45,Fp1/Fp2,alpha1
369,0.0,0.0,0.0,0.225,0.175,0.45,0.325,0.175,0.0,C4/P3,alpha1
370,0.0,0.0,0.0,0.025,0.025,0.05,0.025,0.025,0.0,Fz/P4,alpha1
371,0.0,0.0,0.0,0.0,0.0,0.075,0.025,0.0,0.0,Fz/T5,alpha1
372,0.0,0.0,0.0,0.05,0.025,0.075,0.05,0.025,0.0,F4/O1,alpha1
373,0.0,0.0,0.0,0.65,0.5,0.875,0.725,0.5,0.275,P3/P4,alpha1
374,0.5,0.5,0.5,1.0,0.975,1.0,1.0,0.975,0.875,O1/O2,alpha1
375,0.0,0.0,0.0,0.075,0.0,0.175,0.125,0.0,0.0,Fp2/Pz,alpha1
376,0.45,0.45,0.45,1.0,1.0,1.0,1.0,0.975,0.85,Fp1/C3,alpha1
377,0.05,0.025,0.025,0.35,0.275,0.575,0.35,0.175,0.125,F4/T4,alpha1
378,0.0,0.0,0.0,0.0,0.0,0.025,0.0,0.0,0.0,T3/T4,alpha1
379,0.35,0.35,0.35,0.925,0.85,0.975,0.95,0.8,0.7,Cz/O2,alpha1
380,0.0,0.0,0.0,0.0,0.0,0.075,0.0,0.0,0.0,F8/P4,alpha1
381,0.575,0.575,0.575,1.0,1.0,1.0,1.0,0.95,0.9,Fp2/Fz,alpha1
382,0.075,0.075,0.075,0.925,0.85,0.975,0.9,0.75,0.5,P3/T6,alpha1
383,0.0,0.0,0.0,0.65,0.6,0.875,0.775,0.6,0.375,Fp2/T4,alpha1
384,0.0,0.0,0.0,0.325,0.25,0.525,0.325,0.225,0.075,Fz/T4,alpha1
385,0.775,0.75,0.75,1.0,1.0,1.0,1.0,1.0,0.95,F7/Fz,alpha1
386,0.225,0.225,0.225,0.95,0.95,0.975,0.975,0.925,0.775,F7/C3,alpha1
387,0.0,0.0,0.0,0.05,0.025,0.225,0.075,0.025,0.0,Fz/P3,alpha1
388,0.0,0.0,0.0,0.525,0.45,0.65,0.55,0.375,0.125,F4/T3,alpha1
389,0.0,0.0,0.0,0.0,0.0,0.0,0.0,0.0,0.0,F4/P4,alpha1
390,0.0,0.0,0.0,0.0,0.0,0.0,0.0,0.0,0.0,F8/T6,alpha1
391,0.15,0.15,0.15,0.95,0.95,0.95,0.95,0.925,0.675,F3/F8,alpha1
392,0.0,0.0,0.0,0.15,0.1,0.4,0.15,0.05,0.0,F7/T6,alpha1
393,0.0,0.0,0.0,0.0,0.0,0.025,0.0,0.0,0.0,T3/T6,alpha1
394,0.0,0.0,0.0,0.025,0.0,0.05,0.025,0.0,0.0,Fp2/O2,alpha1
395,0.0,0.0,0.0,0.125,0.075,0.375,0.25,0.075,0.025,F7/F8,alpha1
396,0.0,0.0,0.0,0.775,0.675,0.925,0.85,0.6,0.275,F4/C3,alpha1
397,0.0,0.0,0.0,0.25,0.125,0.475,0.275,0.125,0.075,F8/Pz,alpha1
398,0.075,0.075,0.075,0.925,0.9,0.975,0.975,0.9,0.75,C4/T4,alpha1
399,0.0,0.0,0.0,0.15,0.05,0.35,0.15,0.05,0.0,Fz/O2,alpha1
400,0.0,0.0,0.0,0.3,0.25,0.6,0.475,0.2,0.1,F8/T5,alpha1
401,0.0,0.0,0.0,0.025,0.025,0.175,0.05,0.025,0.025,F8/P3,alpha1
402,0.275,0.25,0.25,0.925,0.925,0.95,0.95,0.9,0.75,T5/O2,alpha1
403,0.0,0.0,0.0,0.175,0.125,0.175,0.175,0.1,0.0,Fp1/T4,alpha1
404,0.7,0.7,0.7,1.0,1.0,1.0,1.0,0.975,0.925,F3/Fz,alpha1
405,0.0,0.0,0.0,0.0,0.0,0.075,0.025,0.0,0.0,Fp1/Pz,alpha1
406,0.025,0.025,0.025,0.775,0.65,0.925,0.875,0.675,0.575,Fp1/C4,alpha1
407,0.0,0.0,0.0,0.0,0.0,0.05,0.0,0.0,0.0,T3/T5,alpha1
408,0.0,0.0,0.0,0.0,0.0,0.05,0.025,0.0,0.0,T5/P3,alpha1
409,0.0,0.0,0.0,0.0,0.0,0.025,0.025,0.0,0.0,Fp1/O2,alpha1
410,0.0,0.0,0.0,0.35,0.2,0.625,0.375,0.15,0.075,C4/T5,alpha1
411,0.225,0.225,0.225,0.9,0.9,0.95,0.9,0.8,0.625,F4/F8,alpha1
412,0.0,0.0,0.0,0.0,0.0,0.0,0.0,0.0,0.0,F7/P4,alpha1
413,0.0,0.0,0.0,0.275,0.25,0.525,0.3,0.225,0.15,Fz/Cz,alpha1
414,0.0,0.0,0.0,0.05,0.025,0.175,0.05,0.0,0.0,Fp1/P3,alpha1
415,0.0,0.0,0.0,0.05,0.025,0.1,0.05,0.05,0.0,F4/Pz,alpha1
416,0.0,0.0,0.0,0.15,0.075,0.25,0.15,0.1,0.025,C4/P4,alpha1
417,0.15,0.125,0.125,0.875,0.85,0.975,0.925,0.7,0.525,Fp2/Cz,alpha1
418,0.0,0.0,0.0,0.0,0.0,0.075,0.025,0.0,0.0,Fp1/T5,alpha1
419,0.0,0.0,0.0,0.0,0.0,0.025,0.025,0.0,0.0,P4/T6,alpha1
420,0.0,0.0,0.0,0.325,0.175,0.625,0.425,0.275,0.15,C3/Cz,alpha1
421,0.0,0.0,0.0,0.2,0.1,0.35,0.25,0.1,0.025,F7/P3,alpha1
422,0.05,0.05,0.05,0.7,0.65,0.925,0.725,0.65,0.475,F8/Cz,alpha1
423,0.175,0.15,0.15,0.9,0.85,0.95,0.9,0.8,0.575,Cz/O1,alpha1
424,0.0,0.0,0.0,0.375,0.225,0.6,0.45,0.25,0.1,T4/O1,alpha1
425,0.0,0.0,0.0,0.025,0.025,0.2,0.025,0.025,0.0,Pz/P4,alpha1
426,0.0,0.0,0.0,0.0,0.0,0.0,0.0,0.0,0.0,F7/T4,alpha1
427,0.0,0.0,0.0,0.0,0.0,0.0,0.0,0.0,0.0,T4/O2,alpha1
428,0.175,0.15,0.15,0.9,0.875,0.975,0.925,0.85,0.725,Fz/F8,alpha1
429,0.0,0.0,0.0,0.025,0.025,0.175,0.1,0.0,0.0,F8/T3,alpha1
430,0.0,0.0,0.0,0.425,0.325,0.725,0.525,0.275,0.1,Fp2/T3,alpha1
431,0.8,0.8,0.8,1.0,1.0,1.0,1.0,1.0,1.0,Fp2/F3,alpha1
432,0.0,0.0,0.0,0.025,0.0,0.05,0.025,0.0,0.0,F3/T5,alpha1
433,0.0,0.0,0.0,0.025,0.0,0.075,0.025,0.0,0.0,Fp1/T6,alpha1
434,0.0,0.0,0.0,0.0,0.0,0.0,0.0,0.0,0.0,F4/T6,alpha1
435,0.0,0.0,0.0,0.15,0.075,0.35,0.175,0.05,0.0,T3/O2,alpha1
436,0.0,0.0,0.0,0.0,0.0,0.0,0.0,0.0,0.0,F3/O2,alpha1
437,0.0,0.0,0.0,0.275,0.225,0.525,0.325,0.2,0.075,F7/Pz,alpha1
438,0.0,0.0,0.0,0.625,0.575,0.85,0.7,0.475,0.275,Cz/T6,alpha1
439,0.0,0.0,0.0,0.15,0.1,0.275,0.2,0.1,0.025,Fz/C3,alpha1
440,0.6,0.6,0.575,1.0,1.0,1.0,1.0,1.0,1.0,Pz/O2,alpha1
441,0.025,0.025,0.025,0.375,0.35,0.6,0.475,0.25,0.15,F7/C4,alpha1
442,0.0,0.0,0.0,0.0,0.0,0.0,0.0,0.0,0.0,P3/Pz,alpha1
443,0.0,0.0,0.0,0.85,0.775,0.95,0.9,0.75,0.625,C4/O2,alpha1
444,0.0,0.0,0.0,0.125,0.05,0.275,0.125,0.025,0.025,T4/P4,alpha1
445,0.625,0.625,0.625,1.0,1.0,1.0,1.0,1.0,1.0,P3/O2,alpha1
446,0.0,0.0,0.0,0.0,0.0,0.05,0.025,0.0,0.0,Fp2/O1,alpha1
447,0.375,0.375,0.375,1.0,1.0,1.0,1.0,0.975,0.975,Pz/T6,alpha1
448,0.0,0.0,0.0,0.075,0.025,0.2,0.125,0.025,0.0,T3/Pz,alpha1
449,0.025,0.025,0.025,0.5,0.475,0.625,0.525,0.35,0.225,F7/T3,alpha1
450,0.8,0.8,0.8,1.0,1.0,1.0,1.0,1.0,0.975,F7/F3,alpha1
451,0.0,0.0,0.0,0.0,0.0,0.025,0.0,0.0,0.0,T4/T6,alpha1
452,0.0,0.0,0.0,0.025,0.0,0.025,0.0,0.0,0.0,Fp1/O1,alpha1
453,0.0,0.0,0.0,0.55,0.525,0.725,0.6,0.375,0.175,Pz/O1,alpha1
454,0.0,0.0,0.0,0.05,0.0,0.175,0.1,0.05,0.0,C3/C4,alpha1
455,0.025,0.025,0.025,0.475,0.375,0.7,0.575,0.375,0.2,F8/T4,alpha1
456,0.0,0.0,0.0,0.3,0.275,0.5,0.4,0.275,0.125,T3/Cz,alpha1
457,0.0,0.0,0.0,0.05,0.025,0.15,0.075,0.0,0.0,Fp2/T6,alpha1
458,0.0,0.0,0.0,0.2,0.1,0.375,0.275,0.2,0.05,T3/P3,alpha1
459,0.0,0.0,0.0,0.5,0.45,0.7,0.625,0.425,0.275,C3/O1,alpha1
460,0.0,0.0,0.0,0.0,0.0,0.0,0.0,0.0,0.0,P4/O2,alpha1
461,0.0,0.0,0.0,0.0,0.0,0.0,0.0,0.0,0.0,T4/T5,alpha1
462,0.0,0.0,0.0,0.35,0.325,0.575,0.375,0.3,0.2,T5/Pz,alpha1
463,0.875,0.875,0.875,1.0,1.0,1.0,1.0,1.0,1.0,Fp1/F4,alpha1
464,0.475,0.475,0.475,1.0,1.0,1.0,1.0,1.0,0.95,Fp2/C3,alpha1
465,0.0,0.0,0.0,0.0,0.0,0.0,0.0,0.0,0.0,Fz/T6,alpha1
466,0.0,0.0,0.0,0.025,0.025,0.05,0.025,0.0,0.0,T4/P3,alpha1
467,0.0,0.0,0.0,0.725,0.65,1.0,0.85,0.625,0.325,F4/C4,alpha1
468,0.0,0.0,0.0,0.3,0.175,0.375,0.3,0.1,0.05,C3/T4,alpha1
469,0.0,0.0,0.0,0.0,0.0,0.0,0.0,0.0,0.0,Cz/Pz,alpha1
470,0.0,0.0,0.0,0.0,0.0,0.025,0.0,0.0,0.0,F7/O2,alpha1
471,0.0,0.0,0.0,0.05,0.05,0.175,0.1,0.025,0.0,Fp2/P3,alpha1
472,0.875,0.85,0.85,1.0,1.0,1.0,1.0,1.0,1.0,Fp1/Fz,alpha1
473,0.05,0.05,0.05,0.85,0.775,0.925,0.85,0.6,0.35,C3/O2,alpha1
474,0.0,0.0,0.0,0.0,0.0,0.0,0.0,0.0,0.0,C4/Pz,alpha1
475,0.075,0.075,0.075,0.675,0.575,0.775,0.675,0.475,0.3,F3/T3,alpha1
476,0.0,0.0,0.0,0.0,0.0,0.0,0.0,0.0,0.0,F8/O2,alpha1
477,0.0,0.0,0.0,0.075,0.025,0.225,0.075,0.025,0.025,F3/O1,alpha1
478,0.0,0.0,0.0,0.0,0.0,0.025,0.0,0.0,0.0,F4/T5,alpha1
479,0.0,0.0,0.0,0.0,0.0,0.05,0.025,0.0,0.0,T5/O1,alpha1
480,0.0,0.0,0.0,0.075,0.05,0.2,0.125,0.05,0.0,F3/Pz,alpha1
481,0.0,0.0,0.0,0.025,0.0,0.025,0.025,0.0,0.0,F3/T6,alpha1
482,0.15,0.15,0.15,0.8,0.8,0.925,0.85,0.775,0.7,F3/Cz,alpha1
483,0.0,0.0,0.0,0.0,0.0,0.0,0.0,0.0,0.0,Fp1/P4,alpha1
484,0.0,0.0,0.0,0.225,0.15,0.375,0.275,0.125,0.075,T3/C4,alpha1
485,0.0,0.0,0.0,0.0,0.0,0.0,0.0,0.0,0.0,F7/O1,alpha1
486,0.0,0.0,0.0,0.025,0.025,0.1,0.025,0.025,0.0,C3/Pz,alpha1
487,0.0,0.0,0.0,0.0,0.0,0.025,0.0,0.0,0.0,T3/P4,alpha1
488,0.65,0.65,0.625,1.0,1.0,1.0,1.0,1.0,1.0,Fp2/F4,alpha1
489,0.0,0.0,0.0,0.0,0.0,0.05,0.1,0.05,0.05,C3/P3,alpha1
490,0.0,0.0,0.0,0.125,0.1,0.325,0.175,0.1,0.025,C3/T6,alpha1
491,0.075,0.075,0.075,0.95,0.95,0.975,0.975,0.95,0.7,Fp2/F7,alpha1
492,0.0,0.0,0.0,0.225,0.175,0.35,0.3,0.15,0.05,Fz/O1,alpha1
493,0.125,0.125,0.125,0.875,0.75,0.95,0.9,0.675,0.55,F4/Cz,alpha1
494,0.0,0.0,0.0,0.0,0.0,0.025,0.025,0.0,0.0,T3/O1,alpha1
495,0.0,0.0,0.0,0.0,0.0,0.0,0.0,0.0,0.0,F4/P3,alpha1
496,0.0,0.0,0.0,0.4,0.25,0.525,0.45,0.3,0.15,Cz/T4,alpha1
497,0.125,0.125,0.125,0.85,0.725,0.925,0.875,0.65,0.475,T6/O1,alpha1
498,0.0,0.0,0.0,0.0,0.0,0.0,0.0,0.0,0.0,Fz/Pz,alpha1
499,0.0,0.0,0.0,0.0,0.0,0.0,0.0,0.0,0.0,F7/T5,alpha1
500,0.0,0.0,0.0,0.05,0.05,0.1,0.05,0.05,0.0,F8/O1,alpha1
501,0.0,0.0,0.0,0.0,0.0,0.025,0.0,0.0,0.0,T4/Pz,alpha1
502,0.0,0.0,0.0,0.35,0.3,0.625,0.45,0.275,0.1,Fz/T3,alpha1
503,0.275,0.225,0.225,0.95,0.925,1.0,0.975,0.925,0.85,Fp1/Cz,alpha1
504,0.05,0.05,0.025,0.55,0.45,0.65,0.525,0.425,0.275,T5/P4,alpha1
505,0.025,0.025,0.025,0.275,0.275,0.35,0.3,0.25,0.125,C3/T5,alpha1
506,0.0,0.0,0.0,0.025,0.025,0.025,0.025,0.025,0.0,P3/O1,alpha1
507,0.0,0.0,0.0,0.15,0.1,0.475,0.225,0.075,0.025,Fp2/T5,alpha1
508,0.0,0.0,0.0,0.05,0.025,0.05,0.05,0.0,0.0,Fp2/P4,alpha1
509,0.0,0.0,0.0,0.0,0.0,0.0,0.0,0.0,0.0,F4/O2,alpha1
510,0.025,0.025,0.025,0.475,0.425,0.675,0.5,0.375,0.25,Cz/T5,alpha1
511,0.1,0.1,0.1,0.825,0.825,0.95,0.875,0.75,0.4,Fp2/C4,alpha1
512,0.025,0.0,0.0,0.35,0.125,0.525,0.425,0.1,0.075,F8/C4,alpha1
513,1.0,1.0,1.0,1.0,1.0,1.0,1.0,1.0,1.0,F3/F4,alpha2
514,0.0,0.0,0.0,0.125,0.075,0.175,0.15,0.1,0.025,C3/P4,alpha2
515,1.0,1.0,1.0,1.0,1.0,1.0,1.0,1.0,1.0,F7/F4,alpha2
516,0.125,0.1,0.1,0.975,0.975,1.0,1.0,0.975,0.875,F3/C3,alpha2
517,0.55,0.525,0.525,0.975,0.975,1.0,1.0,0.95,0.925,Fp1/T3,alpha2
518,0.0,0.0,0.0,0.0,0.0,0.025,0.0,0.0,0.0,F3/P3,alpha2
519,0.0,0.0,0.0,0.05,0.05,0.075,0.075,0.05,0.025,Cz/P4,alpha2
520,0.475,0.475,0.475,0.975,0.975,1.0,0.975,0.95,0.85,F3/C4,alpha2
521,0.0,0.0,0.0,0.0,0.0,0.05,0.025,0.0,0.0,Cz/P3,alpha2
522,0.0,0.0,0.0,0.225,0.15,0.5,0.25,0.125,0.05,C4/T6,alpha2
523,0.05,0.05,0.05,0.525,0.475,0.7,0.6,0.45,0.2,F8/C3,alpha2
524,1.0,1.0,1.0,1.0,1.0,1.0,1.0,1.0,1.0,Fp1/F7,alpha2
525,0.975,0.975,0.975,1.0,1.0,1.0,1.0,1.0,1.0,T3/C3,alpha2
526,0.05,0.05,0.05,0.725,0.675,0.825,0.75,0.575,0.325,T5/T6,alpha2
527,1.0,1.0,1.0,1.0,1.0,1.0,1.0,1.0,1.0,T6/O2,alpha2
528,1.0,1.0,1.0,1.0,1.0,1.0,1.0,1.0,1.0,Fz/F4,alpha2
529,1.0,1.0,1.0,1.0,1.0,1.0,1.0,1.0,1.0,Fp1/F3,alpha2
530,0.05,0.05,0.05,0.45,0.35,0.675,0.525,0.225,0.125,F3/T4,alpha2
531,0.7,0.7,0.7,1.0,1.0,1.0,1.0,1.0,0.95,Cz/C4,alpha2
532,0.0,0.0,0.0,0.0,0.0,0.0,0.0,0.0,0.0,C4/O1,alpha2
533,0.7,0.7,0.7,1.0,1.0,1.0,1.0,0.95,0.85,Fp2/F8,alpha2
534,0.95,0.95,0.95,1.0,1.0,1.0,1.0,1.0,1.0,F7/Cz,alpha2
535,0.0,0.0,0.0,0.05,0.025,0.125,0.075,0.025,0.0,F3/P4,alpha2
536,0.0,0.0,0.0,0.275,0.225,0.375,0.275,0.225,0.1,P4/O1,alpha2
537,0.575,0.575,0.575,1.0,1.0,1.0,1.0,0.975,0.875,Fp1/F8,alpha2
538,0.125,0.125,0.125,0.775,0.7,0.925,0.85,0.65,0.525,Fz/C4,alpha2
539,0.775,0.775,0.75,1.0,1.0,1.0,1.0,1.0,1.0,Fp1/Fp2,alpha2
540,0.0,0.0,0.0,0.15,0.075,0.325,0.225,0.075,0.05,C4/P3,alpha2
541,0.0,0.0,0.0,0.0,0.0,0.0,0.0,0.0,0.0,Fz/P4,alpha2
542,0.0,0.0,0.0,0.3,0.2,0.55,0.35,0.2,0.125,Fz/T5,alpha2
543,0.175,0.175,0.175,0.975,0.95,1.0,1.0,0.95,0.85,F4/O1,alpha2
544,0.025,0.0,0.0,0.425,0.4,0.7,0.575,0.4,0.25,P3/P4,alpha2
545,0.0,0.0,0.0,0.175,0.125,0.325,0.25,0.075,0.05,O1/O2,alpha2
546,0.0,0.0,0.0,0.275,0.25,0.725,0.4,0.225,0.125,Fp2/Pz,alpha2
547,0.2,0.2,0.2,0.85,0.85,0.975,0.9,0.825,0.7,Fp1/C3,alpha2
548,0.15,0.15,0.15,0.9,0.85,0.975,0.95,0.775,0.65,F4/T4,alpha2
549,0.0,0.0,0.0,0.075,0.075,0.15,0.125,0.075,0.025,T3/T4,alpha2
550,0.0,0.0,0.0,0.15,0.125,0.35,0.2,0.125,0.05,Cz/O2,alpha2
551,0.0,0.0,0.0,0.025,0.025,0.05,0.025,0.025,0.0,F8/P4,alpha2
552,1.0,1.0,1.0,1.0,1.0,1.0,1.0,1.0,1.0,Fp2/Fz,alpha2
553,0.0,0.0,0.0,0.125,0.125,0.3,0.15,0.1,0.0,P3/T6,alpha2
554,0.0,0.0,0.0,0.475,0.375,0.7,0.575,0.3,0.15,Fp2/T4,alpha2
555,0.15,0.125,0.125,0.975,0.975,1.0,1.0,0.925,0.675,Fz/T4,alpha2
556,1.0,1.0,1.0,1.0,1.0,1.0,1.0,1.0,1.0,F7/Fz,alpha2
557,0.375,0.375,0.35,0.975,0.975,1.0,0.975,0.975,0.85,F7/C3,alpha2
558,0.0,0.0,0.0,0.0,0.0,0.0,0.0,0.0,0.0,Fz/P3,alpha2
559,0.275,0.275,0.25,0.925,0.9,0.975,0.95,0.875,0.775,F4/T3,alpha2
560,0.0,0.0,0.0,0.0,0.0,0.1,0.025,0.0,0.0,F4/P4,alpha2
561,0.0,0.0,0.0,0.1,0.05,0.2,0.125,0.05,0.025,F8/T6,alpha2
562,0.975,0.975,0.975,1.0,1.0,1.0,1.0,1.0,1.0,F3/F8,alpha2
563,1.0,1.0,1.0,1.0,1.0,1.0,1.0,1.0,1.0,F7/T6,alpha2
564,0.25,0.25,0.25,0.95,0.95,1.0,0.975,0.95,0.85,T3/T6,alpha2
565,0.9,0.9,0.9,1.0,1.0,1.0,1.0,1.0,1.0,Fp2/O2,alpha2
566,0.525,0.525,0.525,1.0,1.0,1.0,1.0,1.0,0.95,F7/F8,alpha2
567,0.775,0.75,0.75,1.0,1.0,1.0,1.0,1.0,1.0,F4/C3,alpha2
568,0.025,0.025,0.025,0.775,0.675,0.95,0.85,0.7,0.45,F8/Pz,alpha2
569,0.375,0.375,0.375,1.0,1.0,1.0,1.0,1.0,1.0,C4/T4,alpha2
570,0.275,0.25,0.25,0.95,0.9,1.0,0.975,0.9,0.775,Fz/O2,alpha2
571,0.75,0.75,0.75,1.0,1.0,1.0,1.0,0.975,0.95,F8/T5,alpha2
572,0.0,0.0,0.0,0.5,0.375,0.775,0.6,0.35,0.225,F8/P3,alpha2
573,0.025,0.025,0.025,0.25,0.225,0.45,0.25,0.15,0.125,T5/O2,alpha2
574,0.0,0.0,0.0,0.15,0.125,0.275,0.225,0.125,0.0,Fp1/T4,alpha2
575,1.0,1.0,1.0,1.0,1.0,1.0,1.0,1.0,1.0,F3/Fz,alpha2
576,0.0,0.0,0.0,0.2,0.125,0.6,0.25,0.125,0.1,Fp1/Pz,alpha2
577,0.0,0.0,0.0,0.425,0.425,0.75,0.5,0.375,0.225,Fp1/C4,alpha2
578,0.0,0.0,0.0,0.05,0.05,0.05,0.05,0.025,0.0,T3/T5,alpha2
579,0.0,0.0,0.0,0.4,0.3,0.625,0.475,0.225,0.2,T5/P3,alpha2
580,1.0,1.0,1.0,1.0,1.0,1.0,1.0,1.0,1.0,Fp1/O2,alpha2
581,0.0,0.0,0.0,0.2,0.15,0.25,0.2,0.075,0.025,C4/T5,alpha2
582,0.975,0.975,0.975,1.0,1.0,1.0,1.0,1.0,0.975,F4/F8,alpha2
583,0.25,0.2,0.2,1.0,0.975,1.0,1.0,0.975,0.9,F7/P4,alpha2
584,0.2,0.2,0.2,0.925,0.925,1.0,0.925,0.875,0.825,Fz/Cz,alpha2
585,0.0,0.0,0.0,0.025,0.0,0.075,0.025,0.025,0.0,Fp1/P3,alpha2
586,0.1,0.1,0.1,0.875,0.8,1.0,0.925,0.75,0.55,F4/Pz,alpha2
587,0.0,0.0,0.0,0.425,0.325,0.525,0.45,0.25,0.15,C4/P4,alpha2
588,0.25,0.25,0.25,0.975,0.925,1.0,0.975,0.9,0.8,Fp2/Cz,alpha2
589,0.0,0.0,0.0,0.75,0.7,0.875,0.775,0.65,0.45,Fp1/T5,alpha2
590,0.0,0.0,0.0,0.325,0.275,0.675,0.425,0.175,0.125,P4/T6,alpha2
591,1.0,1.0,1.0,1.0,1.0,1.0,1.0,1.0,1.0,C3/Cz,alpha2
592,0.0,0.0,0.0,0.175,0.15,0.4,0.175,0.125,0.025,F7/P3,alpha2
593,0.375,0.35,0.35,0.975,0.975,1.0,1.0,0.975,0.9,F8/Cz,alpha2
594,0.0,0.0,0.0,0.1,0.1,0.325,0.225,0.075,0.0,Cz/O1,alpha2
595,0.0,0.0,0.0,0.025,0.025,0.025,0.025,0.0,0.0,T4/O1,alpha2
596,0.025,0.025,0.025,0.35,0.3,0.6,0.4,0.275,0.125,Pz/P4,alpha2
597,0.025,0.025,0.025,0.45,0.375,0.8,0.525,0.325,0.2,F7/T4,alpha2
598,0.0,0.0,0.0,0.075,0.075,0.1,0.075,0.025,0.0,T4/O2,alpha2
599,0.975,0.975,0.975,1.0,1.0,1.0,1.0,1.0,1.0,Fz/F8,alpha2
600,0.0,0.0,0.0,0.0,0.0,0.075,0.025,0.0,0.0,F8/T3,alpha2
601,0.0,0.0,0.0,0.575,0.425,0.7,0.55,0.4,0.225,Fp2/T3,alpha2
602,1.0,1.0,1.0,1.0,1.0,1.0,1.0,1.0,1.0,Fp2/F3,alpha2
603,0.0,0.0,0.0,0.025,0.025,0.1,0.025,0.025,0.025,F3/T5,alpha2
604,0.975,0.95,0.95,1.0,1.0,1.0,1.0,1.0,1.0,Fp1/T6,alpha2
605,0.025,0.025,0.025,0.475,0.325,0.75,0.6,0.275,0.1,F4/T6,alpha2
606,0.05,0.05,0.05,0.9,0.8,1.0,0.85,0.75,0.475,T3/O2,alpha2
607,0.45,0.45,0.45,1.0,0.975,1.0,1.0,0.975,0.9,F3/O2,alpha2
608,0.525,0.525,0.525,0.975,0.975,1.0,0.975,0.975,0.95,F7/Pz,alpha2
609,0.0,0.0,0.0,0.0,0.0,0.0,0.0,0.0,0.0,Cz/T6,alpha2
610,0.2,0.2,0.2,0.975,0.95,1.0,0.975,0.925,0.725,Fz/C3,alpha2
611,0.0,0.0,0.0,0.3,0.25,0.575,0.475,0.275,0.05,Pz/O2,alpha2
612,0.15,0.15,0.15,0.975,0.9,1.0,1.0,0.9,0.825,F7/C4,alpha2
613,0.275,0.275,0.275,0.875,0.8,0.975,0.875,0.725,0.55,P3/Pz,alpha2
614,0.0,0.0,0.0,0.35,0.275,0.675,0.5,0.275,0.075,C4/O2,alpha2
615,0.0,0.0,0.0,0.175,0.125,0.425,0.275,0.125,0.05,T4/P4,alpha2
616,0.0,0.0,0.0,0.0,0.0,0.025,0.0,0.0,0.0,P3/O2,alpha2
617,0.5,0.5,0.45,1.0,1.0,1.0,1.0,0.975,0.85,Fp2/O1,alpha2
618,0.0,0.0,0.0,0.0,0.0,0.125,0.0,0.0,0.0,Pz/T6,alpha2
619,0.65,0.65,0.65,1.0,1.0,1.0,1.0,1.0,0.975,T3/Pz,alpha2
620,0.175,0.15,0.15,0.925,0.875,1.0,0.925,0.875,0.675,F7/T3,alpha2
621,1.0,1.0,1.0,1.0,1.0,1.0,1.0,1.0,1.0,F7/F3,alpha2
622,0.0,0.0,0.0,0.0,0.0,0.025,0.025,0.0,0.0,T4/T6,alpha2
623,0.35,0.35,0.35,1.0,1.0,1.0,1.0,1.0,0.875,Fp1/O1,alpha2
624,0.0,0.0,0.0,0.0,0.0,0.025,0.025,0.0,0.0,Pz/O1,alpha2
625,0.825,0.825,0.825,1.0,1.0,1.0,1.0,1.0,0.975,C3/C4,alpha2
626,0.0,0.0,0.0,0.375,0.275,0.75,0.55,0.3,0.15,F8/T4,alpha2
627,1.0,1.0,1.0,1.0,1.0,1.0,1.0,1.0,1.0,T3/Cz,alpha2
628,0.575,0.55,0.55,1.0,1.0,1.0,1.0,1.0,0.975,Fp2/T6,alpha2
629,0.0,0.0,0.0,0.85,0.825,0.975,0.9,0.825,0.55,T3/P3,alpha2
630,0.0,0.0,0.0,0.075,0.075,0.325,0.15,0.075,0.0,C3/O1,alpha2
631,0.025,0.025,0.025,0.3,0.25,0.525,0.325,0.25,0.125,P4/O2,alpha2
632,0.025,0.025,0.025,0.45,0.375,0.725,0.55,0.3,0.2,T4/T5,alpha2
633,0.0,0.0,0.0,0.05,0.05,0.075,0.05,0.025,0.0,T5/Pz,alpha2
634,1.0,1.0,1.0,1.0,1.0,1.0,1.0,1.0,1.0,Fp1/F4,alpha2
635,0.05,0.05,0.05,0.725,0.675,0.875,0.725,0.575,0.5,Fp2/C3,alpha2
636,0.475,0.475,0.475,1.0,0.975,1.0,1.0,0.975,0.95,Fz/T6,alpha2
637,0.0,0.0,0.0,0.075,0.025,0.15,0.1,0.0,0.0,T4/P3,alpha2
638,0.075,0.05,0.05,0.85,0.8,0.95,0.85,0.75,0.55,F4/C4,alpha2
639,0.025,0.025,0.025,0.5,0.45,0.625,0.575,0.4,0.225,C3/T4,alpha2
640,0.0,0.0,0.0,0.15,0.1,0.225,0.175,0.1,0.05,Cz/Pz,alpha2
641,1.0,1.0,1.0,1.0,1.0,1.0,1.0,1.0,1.0,F7/O2,alpha2
642,0.0,0.0,0.0,0.025,0.0,0.125,0.05,0.0,0.0,Fp2/P3,alpha2
643,1.0,1.0,1.0,1.0,1.0,1.0,1.0,1.0,1.0,Fp1/Fz,alpha2
644,0.0,0.0,0.0,0.0,0.0,0.075,0.0,0.0,0.0,C3/O2,alpha2
645,0.075,0.075,0.075,0.35,0.325,0.4,0.35,0.25,0.25,C4/Pz,alpha2
646,0.6,0.6,0.6,1.0,1.0,1.0,1.0,1.0,1.0,F3/T3,alpha2
647,0.425,0.425,0.425,1.0,1.0,1.0,1.0,0.975,0.875,F8/O2,alpha2
648,0.0,0.0,0.0,0.625,0.475,0.775,0.725,0.4,0.275,F3/O1,alpha2
649,0.175,0.175,0.175,0.975,0.95,1.0,0.975,0.95,0.825,F4/T5,alpha2
650,0.775,0.775,0.775,1.0,0.975,1.0,0.975,0.975,0.975,T5/O1,alpha2
651,0.025,0.025,0.025,0.625,0.525,0.875,0.725,0.475,0.225,F3/Pz,alpha2
652,0.75,0.725,0.725,1.0,1.0,1.0,1.0,1.0,1.0,F3/T6,alpha2
653,0.875,0.875,0.875,1.0,1.0,1.0,1.0,1.0,1.0,F3/Cz,alpha2
654,0.0,0.0,0.0,0.425,0.375,0.6,0.45,0.3,0.1,Fp1/P4,alpha2
655,0.15,0.15,0.15,0.675,0.625,0.85,0.75,0.575,0.375,T3/C4,alpha2
656,0.325,0.3,0.3,1.0,1.0,1.0,1.0,0.975,0.95,F7/O1,alpha2
657,0.3,0.3,0.3,1.0,0.975,1.0,1.0,0.975,0.875,C3/Pz,alpha2
658,0.0,0.0,0.0,0.7,0.5,0.875,0.75,0.425,0.275,T3/P4,alpha2
659,1.0,1.0,1.0,1.0,1.0,1.0,1.0,1.0,1.0,Fp2/F4,alpha2
660,0.0,0.0,0.0,0.025,0.025,0.05,0.025,0.0,0.0,C3/P3,alpha2
661,0.025,0.025,0.025,0.575,0.425,0.85,0.65,0.35,0.25,C3/T6,alpha2
662,1.0,1.0,1.0,1.0,1.0,1.0,1.0,1.0,1.0,Fp2/F7,alpha2
663,0.05,0.05,0.05,0.75,0.675,0.925,0.85,0.65,0.45,Fz/O1,alpha2
664,0.95,0.925,0.925,1.0,1.0,1.0,1.0,1.0,1.0,F4/Cz,alpha2
665,0.0,0.0,0.0,0.075,0.025,0.15,0.1,0.0,0.0,T3/O1,alpha2
666,0.0,0.0,0.0,0.25,0.225,0.6,0.275,0.15,0.0,F4/P3,alpha2
667,0.225,0.225,0.225,0.925,0.9,1.0,0.975,0.9,0.725,Cz/T4,alpha2
668,0.025,0.025,0.025,0.625,0.5,0.825,0.675,0.45,0.35,T6/O1,alpha2
669,0.0,0.0,0.0,0.225,0.2,0.475,0.3,0.2,0.025,Fz/Pz,alpha2
670,0.0,0.0,0.0,0.1,0.075,0.175,0.125,0.075,0.0,F7/T5,alpha2
671,0.825,0.825,0.825,1.0,1.0,1.0,1.0,1.0,0.975,F8/O1,alpha2
672,0.075,0.075,0.075,0.575,0.525,0.75,0.6,0.45,0.35,T4/Pz,alpha2
673,0.9,0.9,0.9,1.0,1.0,1.0,1.0,1.0,1.0,Fz/T3,alpha2
674,0.425,0.425,0.4,1.0,0.975,1.0,1.0,0.95,0.8,Fp1/Cz,alpha2
675,0.0,0.0,0.0,0.125,0.025,0.175,0.15,0.025,0.025,T5/P4,alpha2
676,0.0,0.0,0.0,0.125,0.075,0.4,0.15,0.075,0.025,C3/T5,alpha2
677,0.0,0.0,0.0,0.0,0.0,0.15,0.0,0.0,0.0,P3/O1,alpha2
678,0.2,0.2,0.2,0.9,0.9,0.95,0.925,0.825,0.55,Fp2/T5,alpha2
679,0.0,0.0,0.0,0.25,0.15,0.55,0.375,0.1,0.05,Fp2/P4,alpha2
680,0.05,0.05,0.05,0.825,0.75,0.9,0.875,0.675,0.475,F4/O2,alpha2
681,0.0,0.0,0.0,0.0,0.0,0.025,0.0,0.0,0.0,Cz/T5,alpha2
682,0.0,0.0,0.0,0.525,0.475,0.825,0.55,0.375,0.2,Fp2/C4,alpha2
683,0.0,0.0,0.0,0.425,0.35,0.55,0.425,0.375,0.225,F8/C4,alpha2
684,0.2,0.2,0.2,1.0,0.975,1.0,1.0,0.95,0.7,F3/F4,beta1
685,0.0,0.0,0.0,0.0,0.0,0.075,0.0,0.0,0.0,C3/P4,beta1
686,0.0,0.0,0.0,0.35,0.25,0.75,0.475,0.225,0.05,F7/F4,beta1
687,0.575,0.575,0.575,1.0,1.0,1.0,1.0,1.0,1.0,F3/C3,beta1
688,0.075,0.075,0.075,0.65,0.6,0.825,0.7,0.525,0.375,Fp1/T3,beta1
689,0.0,0.0,0.0,0.025,0.025,0.05,0.025,0.025,0.0,F3/P3,beta1
690,0.0,0.0,0.0,0.075,0.025,0.225,0.125,0.025,0.0,Cz/P4,beta1
691,0.05,0.025,0.025,0.75,0.7,0.975,0.875,0.675,0.35,F3/C4,beta1
692,0.0,0.0,0.0,0.025,0.0,0.05,0.025,0.0,0.0,Cz/P3,beta1
693,0.0,0.0,0.0,0.275,0.225,0.475,0.3,0.2,0.05,C4/T6,beta1
694,0.0,0.0,0.0,0.175,0.075,0.4,0.25,0.05,0.025,F8/C3,beta1
695,0.875,0.875,0.875,1.0,1.0,1.0,1.0,1.0,1.0,Fp1/F7,beta1
696,0.05,0.05,0.05,0.725,0.65,0.825,0.75,0.6,0.325,T3/C3,beta1
697,0.0,0.0,0.0,0.0,0.0,0.125,0.0,0.0,0.0,T5/T6,beta1
698,0.075,0.075,0.075,0.8,0.675,0.925,0.9,0.7,0.525,T6/O2,beta1
699,0.9,0.9,0.875,1.0,1.0,1.0,1.0,1.0,1.0,Fz/F4,beta1
700,1.0,1.0,1.0,1.0,1.0,1.0,1.0,1.0,1.0,Fp1/F3,beta1
701,0.0,0.0,0.0,0.175,0.1,0.35,0.2,0.1,0.05,F3/T4,beta1
702,0.05,0.05,0.05,0.55,0.55,0.65,0.575,0.525,0.375,Cz/C4,beta1
703,0.025,0.025,0.025,0.4,0.325,0.575,0.45,0.25,0.175,C4/O1,beta1
704,0.15,0.15,0.15,0.85,0.825,0.925,0.9,0.775,0.575,Fp2/F8,beta1
705,0.0,0.0,0.0,0.8,0.775,0.95,0.825,0.75,0.525,F7/Cz,beta1
706,0.0,0.0,0.0,0.0,0.0,0.0,0.0,0.0,0.0,F3/P4,beta1
707,0.0,0.0,0.0,0.0,0.0,0.025,0.0,0.0,0.0,P4/O1,beta1
708,0.0,0.0,0.0,0.1,0.075,0.25,0.15,0.025,0.025,Fp1/F8,beta1
709,0.025,0.025,0.025,0.825,0.7,0.975,0.875,0.75,0.625,Fz/C4,beta1
710,0.05,0.05,0.05,0.7,0.625,0.825,0.725,0.55,0.325,Fp1/Fp2,beta1
711,0.0,0.0,0.0,0.0,0.0,0.05,0.025,0.0,0.0,C4/P3,beta1
712,0.0,0.0,0.0,0.0,0.0,0.0,0.0,0.0,0.0,Fz/P4,beta1
713,0.0,0.0,0.0,0.0,0.0,0.0,0.0,0.0,0.0,Fz/T5,beta1
714,0.0,0.0,0.0,0.0,0.0,0.0,0.0,0.0,0.0,F4/O1,beta1
715,0.0,0.0,0.0,0.025,0.025,0.075,0.075,0.025,0.0,P3/P4,beta1
716,0.025,0.0,0.0,0.625,0.425,0.875,0.7,0.35,0.225,O1/O2,beta1
717,0.0,0.0,0.0,0.275,0.15,0.425,0.275,0.1,0.0,Fp2/Pz,beta1
718,0.875,0.875,0.85,1.0,1.0,1.0,1.0,1.0,1.0,Fp1/C3,beta1
719,0.325,0.3,0.3,0.925,0.925,0.975,0.975,0.875,0.6,F4/T4,beta1
720,0.0,0.0,0.0,0.0,0.0,0.025,0.025,0.0,0.0,T3/T4,beta1
721,0.125,0.125,0.125,0.575,0.55,0.775,0.65,0.5,0.35,Cz/O2,beta1
722,0.0,0.0,0.0,0.175,0.125,0.275,0.175,0.1,0.025,F8/P4,beta1
723,0.975,0.975,0.975,1.0,1.0,1.0,1.0,1.0,1.0,Fp2/Fz,beta1
724,0.0,0.0,0.0,0.4,0.325,0.55,0.45,0.325,0.15,P3/T6,beta1
725,0.0,0.0,0.0,0.525,0.475,0.625,0.575,0.45,0.275,Fp2/T4,beta1
726,0.1,0.1,0.1,0.65,0.55,0.775,0.65,0.5,0.375,Fz/T4,beta1
727,0.1,0.075,0.075,1.0,1.0,1.0,1.0,1.0,0.95,F7/Fz,beta1
728,0.175,0.175,0.175,1.0,1.0,1.0,1.0,1.0,0.85,F7/C3,beta1
729,0.0,0.0,0.0,0.0,0.0,0.0,0.0,0.0,0.0,Fz/P3,beta1
730,0.0,0.0,0.0,0.025,0.025,0.05,0.05,0.0,0.0,F4/T3,beta1
731,0.0,0.0,0.0,0.025,0.025,0.05,0.025,0.0,0.0,F4/P4,beta1
732,0.0,0.0,0.0,0.05,0.025,0.1,0.075,0.0,0.0,F8/T6,beta1
733,0.0,0.0,0.0,0.55,0.525,0.75,0.625,0.45,0.275,F3/F8,beta1
734,0.075,0.075,0.075,0.875,0.75,0.95,0.875,0.625,0.5,F7/T6,beta1
735,0.0,0.0,0.0,0.05,0.0,0.05,0.05,0.0,0.0,T3/T6,beta1
736,0.0,0.0,0.0,0.05,0.025,0.1,0.05,0.05,0.0,Fp2/O2,beta1
737,0.0,0.0,0.0,0.0,0.0,0.0,0.0,0.0,0.0,F7/F8,beta1
738,0.075,0.075,0.075,0.95,0.925,1.0,0.975,0.925,0.775,F4/C3,beta1
739,0.0,0.0,0.0,0.3,0.25,0.55,0.35,0.225,0.075,F8/Pz,beta1
740,0.225,0.225,0.225,0.925,0.9,1.0,0.9,0.85,0.75,C4/T4,beta1
741,0.0,0.0,0.0,0.0,0.0,0.075,0.0,0.0,0.0,Fz/O2,beta1
742,0.0,0.0,0.0,0.05,0.05,0.2,0.125,0.05,0.0,F8/T5,beta1
743,0.0,0.0,0.0,0.0,0.0,0.0,0.0,0.0,0.0,F8/P3,beta1
744,0.0,0.0,0.0,0.4,0.35,0.675,0.425,0.325,0.175,T5/O2,beta1
745,0.0,0.0,0.0,0.0,0.0,0.05,0.025,0.0,0.0,Fp1/T4,beta1
746,0.875,0.875,0.875,1.0,1.0,1.0,1.0,1.0,1.0,F3/Fz,beta1
747,0.0,0.0,0.0,0.025,0.025,0.175,0.075,0.025,0.0,Fp1/Pz,beta1
748,0.125,0.125,0.125,0.875,0.8,1.0,0.95,0.8,0.675,Fp1/C4,beta1
749,0.0,0.0,0.0,0.375,0.35,0.675,0.45,0.325,0.15,T3/T5,beta1
750,0.0,0.0,0.0,0.1,0.1,0.35,0.15,0.05,0.0,T5/P3,beta1
751,0.0,0.0,0.0,0.0,0.0,0.025,0.0,0.0,0.0,Fp1/O2,beta1
752,0.0,0.0,0.0,0.175,0.125,0.375,0.175,0.1,0.05,C4/T5,beta1
753,0.75,0.75,0.75,0.975,0.975,1.0,1.0,0.975,0.975,F4/F8,beta1
754,0.0,0.0,0.0,0.0,0.0,0.0,0.0,0.0,0.0,F7/P4,beta1
755,0.325,0.325,0.325,0.85,0.825,1.0,0.85,0.75,0.525,Fz/Cz,beta1
756,0.0,0.0,0.0,0.0,0.0,0.0,0.0,0.0,0.0,Fp1/P3,beta1
757,0.0,0.0,0.0,0.425,0.325,0.65,0.525,0.325,0.2,F4/Pz,beta1
758,0.0,0.0,0.0,0.025,0.0,0.025,0.025,0.025,0.0,C4/P4,beta1
759,0.8,0.8,0.8,1.0,1.0,1.0,1.0,1.0,1.0,Fp2/Cz,beta1
760,0.0,0.0,0.0,0.125,0.075,0.325,0.175,0.05,0.0,Fp1/T5,beta1
761,0.0,0.0,0.0,0.1,0.075,0.35,0.2,0.1,0.05,P4/T6,beta1
762,0.075,0.075,0.075,0.95,0.875,0.975,0.95,0.825,0.625,C3/Cz,beta1
763,0.0,0.0,0.0,0.05,0.025,0.1,0.05,0.025,0.025,F7/P3,beta1
764,0.075,0.075,0.075,0.575,0.55,0.8,0.65,0.525,0.425,F8/Cz,beta1
765,0.025,0.025,0.025,0.375,0.3,0.475,0.35,0.25,0.15,Cz/O1,beta1
766,0.0,0.0,0.0,0.0,0.0,0.05,0.025,0.0,0.0,T4/O1,beta1
767,0.0,0.0,0.0,0.0,0.0,0.025,0.025,0.025,0.0,Pz/P4,beta1
768,0.0,0.0,0.0,0.0,0.0,0.0,0.0,0.0,0.0,F7/T4,beta1
769,0.0,0.0,0.0,0.3,0.225,0.5,0.325,0.175,0.05,T4/O2,beta1
770,0.225,0.225,0.225,0.775,0.75,0.95,0.85,0.75,0.625,Fz/F8,beta1
771,0.0,0.0,0.0,0.0,0.0,0.0,0.0,0.0,0.0,F8/T3,beta1
772,0.0,0.0,0.0,0.0,0.0,0.0,0.0,0.0,0.0,Fp2/T3,beta1
773,0.675,0.65,0.65,1.0,1.0,1.0,1.0,1.0,1.0,Fp2/F3,beta1
774,0.0,0.0,0.0,0.075,0.05,0.125,0.1,0.05,0.0,F3/T5,beta1
775,0.0,0.0,0.0,0.15,0.1,0.3,0.2,0.075,0.0,Fp1/T6,beta1
776,0.0,0.0,0.0,0.0,0.0,0.0,0.0,0.0,0.0,F4/T6,beta1
777,0.0,0.0,0.0,0.0,0.0,0.025,0.0,0.0,0.0,T3/O2,beta1
778,0.0,0.0,0.0,0.0,0.0,0.05,0.0,0.0,0.0,F3/O2,beta1
779,0.0,0.0,0.0,0.2,0.15,0.4,0.25,0.125,0.05,F7/Pz,beta1
780,0.025,0.025,0.025,0.45,0.325,0.625,0.475,0.325,0.15,Cz/T6,beta1
781,0.05,0.05,0.05,0.925,0.9,0.975,0.95,0.8,0.6,Fz/C3,beta1
782,0.0,0.0,0.0,0.3,0.175,0.6,0.325,0.175,0.1,Pz/O2,beta1
783,0.0,0.0,0.0,0.0,0.0,0.025,0.0,0.0,0.0,F7/C4,beta1
784,0.0,0.0,0.0,0.125,0.075,0.325,0.225,0.075,0.05,P3/Pz,beta1
785,0.0,0.0,0.0,0.225,0.2,0.3,0.25,0.15,0.075,C4/O2,beta1
786,0.1,0.1,0.1,0.75,0.625,0.825,0.75,0.6,0.425,T4/P4,beta1
787,0.025,0.025,0.025,0.5,0.425,0.7,0.5,0.375,0.225,P3/O2,beta1
788,0.0,0.0,0.0,0.0,0.0,0.025,0.0,0.0,0.0,Fp2/O1,beta1
789,0.05,0.025,0.025,0.55,0.55,0.85,0.6,0.55,0.25,Pz/T6,beta1
790,0.0,0.0,0.0,0.225,0.1,0.35,0.25,0.1,0.05,T3/Pz,beta1
791,0.4,0.4,0.4,0.95,0.925,0.975,0.95,0.9,0.85,F7/T3,beta1
792,0.95,0.95,0.95,1.0,1.0,1.0,1.0,1.0,1.0,F7/F3,beta1
793,0.0,0.0,0.0,0.55,0.45,0.7,0.625,0.475,0.2,T4/T6,beta1
794,0.0,0.0,0.0,0.0,0.0,0.075,0.025,0.0,0.0,Fp1/O1,beta1
795,0.0,0.0,0.0,0.05,0.025,0.125,0.075,0.025,0.0,Pz/O1,beta1
796,0.0,0.0,0.0,0.175,0.15,0.475,0.425,0.2,0.075,C3/C4,beta1
797,0.1,0.1,0.1,0.8,0.725,0.9,0.9,0.725,0.6,F8/T4,beta1
798,0.0,0.0,0.0,0.45,0.35,0.65,0.5,0.325,0.175,T3/Cz,beta1
799,0.0,0.0,0.0,0.0,0.0,0.075,0.0,0.0,0.0,Fp2/T6,beta1
800,0.05,0.05,0.05,0.7,0.6,0.875,0.825,0.55,0.375,T3/P3,beta1
801,0.0,0.0,0.0,0.05,0.05,0.175,0.05,0.05,0.0,C3/O1,beta1
802,0.0,0.0,0.0,0.525,0.45,0.85,0.75,0.475,0.225,P4/O2,beta1
803,0.0,0.0,0.0,0.025,0.0,0.05,0.025,0.0,0.0,T4/T5,beta1
804,0.0,0.0,0.0,0.05,0.025,0.225,0.075,0.025,0.0,T5/Pz,beta1
805,0.7,0.7,0.7,1.0,1.0,1.0,1.0,1.0,1.0,Fp1/F4,beta1
806,0.65,0.65,0.65,1.0,1.0,1.0,1.0,1.0,1.0,Fp2/C3,beta1
807,0.0,0.0,0.0,0.025,0.0,0.075,0.0,0.0,0.0,Fz/T6,beta1
808,0.0,0.0,0.0,0.025,0.025,0.05,0.05,0.025,0.0,T4/P3,beta1
809,0.325,0.325,0.325,0.975,0.95,1.0,1.0,0.95,0.8,F4/C4,beta1
810,0.0,0.0,0.0,0.125,0.1,0.3,0.15,0.1,0.05,C3/T4,beta1
811,0.0,0.0,0.0,0.275,0.225,0.475,0.35,0.225,0.075,Cz/Pz,beta1
812,0.0,0.0,0.0,0.0,0.0,0.15,0.05,0.0,0.0,F7/O2,beta1
813,0.0,0.0,0.0,0.0,0.0,0.0,0.0,0.0,0.0,Fp2/P3,beta1
814,1.0,1.0,1.0,1.0,1.0,1.0,1.0,1.0,1.0,Fp1/Fz,beta1
815,0.075,0.075,0.075,0.5,0.4,0.75,0.55,0.375,0.275,C3/O2,beta1
816,0.0,0.0,0.0,0.125,0.1,0.2,0.175,0.1,0.05,C4/Pz,beta1
817,0.35,0.3,0.3,0.925,0.9,0.975,0.95,0.875,0.75,F3/T3,beta1
818,0.0,0.0,0.0,0.0,0.0,0.0,0.0,0.0,0.0,F8/O2,beta1
819,0.0,0.0,0.0,0.075,0.0,0.15,0.05,0.0,0.0,F3/O1,beta1
820,0.0,0.0,0.0,0.0,0.0,0.025,0.0,0.0,0.0,F4/T5,beta1
821,0.025,0.025,0.025,0.5,0.45,0.725,0.575,0.375,0.275,T5/O1,beta1
822,0.025,0.025,0.025,0.625,0.525,0.825,0.65,0.45,0.4,F3/Pz,beta1
823,0.0,0.0,0.0,0.225,0.125,0.425,0.3,0.075,0.05,F3/T6,beta1
824,0.775,0.75,0.75,1.0,1.0,1.0,1.0,1.0,1.0,F3/Cz,beta1
825,0.0,0.0,0.0,0.0,0.0,0.0,0.0,0.0,0.0,Fp1/P4,beta1
826,0.0,0.0,0.0,0.0,0.0,0.0,0.0,0.0,0.0,T3/C4,beta1
827,0.0,0.0,0.0,0.0,0.0,0.0,0.0,0.0,0.0,F7/O1,beta1
828,0.025,0.025,0.025,0.575,0.525,0.85,0.825,0.525,0.325,C3/Pz,beta1
829,0.0,0.0,0.0,0.0,0.0,0.0,0.0,0.0,0.0,T3/P4,beta1
830,1.0,1.0,1.0,1.0,1.0,1.0,1.0,1.0,1.0,Fp2/F4,beta1
831,0.0,0.0,0.0,0.0,0.0,0.0,0.0,0.0,0.0,C3/P3,beta1
832,0.0,0.0,0.0,0.0,0.0,0.025,0.0,0.0,0.0,C3/T6,beta1
833,0.0,0.0,0.0,0.3,0.175,0.55,0.45,0.175,0.15,Fp2/F7,beta1
834,0.0,0.0,0.0,0.025,0.0,0.05,0.025,0.0,0.0,Fz/O1,beta1
835,0.35,0.35,0.35,0.925,0.925,1.0,0.975,0.925,0.75,F4/Cz,beta1
836,0.0,0.0,0.0,0.05,0.025,0.05,0.05,0.0,0.0,T3/O1,beta1
837,0.0,0.0,0.0,0.0,0.0,0.025,0.0,0.0,0.0,F4/P3,beta1
838,0.125,0.125,0.125,0.65,0.55,0.75,0.7,0.475,0.45,Cz/T4,beta1
839,0.0,0.0,0.0,0.2,0.2,0.35,0.225,0.15,0.075,T6/O1,beta1
840,0.0,0.0,0.0,0.5,0.425,0.7,0.525,0.4,0.125,Fz/Pz,beta1
841,0.0,0.0,0.0,0.0,0.0,0.025,0.0,0.0,0.0,F7/T5,beta1
842,0.0,0.0,0.0,0.0,0.0,0.05,0.0,0.0,0.0,F8/O1,beta1
843,0.0,0.0,0.0,0.225,0.15,0.325,0.225,0.125,0.075,T4/Pz,beta1
844,0.025,0.025,0.025,0.475,0.475,0.725,0.575,0.45,0.325,Fz/T3,beta1
845,0.9,0.9,0.9,1.0,1.0,1.0,1.0,1.0,1.0,Fp1/Cz,beta1
846,0.0,0.0,0.0,0.2,0.175,0.425,0.325,0.125,0.075,T5/P4,beta1
847,0.0,0.0,0.0,0.1,0.0,0.2,0.075,0.025,0.0,C3/T5,beta1
848,0.0,0.0,0.0,0.175,0.15,0.45,0.3,0.175,0.15,P3/O1,beta1
849,0.0,0.0,0.0,0.0,0.0,0.025,0.0,0.0,0.0,Fp2/T5,beta1
850,0.0,0.0,0.0,0.1,0.05,0.325,0.125,0.05,0.0,Fp2/P4,beta1
851,0.0,0.0,0.0,0.025,0.025,0.025,0.025,0.0,0.0,F4/O2,beta1
852,0.0,0.0,0.0,0.05,0.05,0.275,0.1,0.025,0.0,Cz/T5,beta1
853,0.575,0.525,0.525,1.0,1.0,1.0,1.0,1.0,0.975,Fp2/C4,beta1
854,0.05,0.05,0.05,0.525,0.45,0.7,0.5,0.325,0.3,F8/C4,beta1
855,0.05,0.05,0.05,0.45,0.375,0.675,0.45,0.3,0.2,F3/F4,beta2
856,0.0,0.0,0.0,0.2,0.125,0.325,0.225,0.125,0.05,C3/P4,beta2
857,0.0,0.0,0.0,0.0,0.0,0.1,0.025,0.0,0.0,F7/F4,beta2
858,0.275,0.275,0.275,0.95,0.95,1.0,1.0,0.95,0.875,F3/C3,beta2
859,0.0,0.0,0.0,0.125,0.1,0.175,0.125,0.075,0.0,Fp1/T3,beta2
860,0.0,0.0,0.0,0.175,0.15,0.35,0.225,0.125,0.075,F3/P3,beta2
861,0.0,0.0,0.0,0.2,0.125,0.375,0.325,0.125,0.075,Cz/P4,beta2
862,0.0,0.0,0.0,0.2,0.15,0.45,0.3,0.125,0.05,F3/C4,beta2
863,0.0,0.0,0.0,0.05,0.0,0.125,0.075,0.0,0.0,Cz/P3,beta2
864,0.0,0.0,0.0,0.0,0.0,0.05,0.025,0.0,0.0,C4/T6,beta2
865,0.0,0.0,0.0,0.0,0.0,0.05,0.025,0.0,0.0,F8/C3,beta2
866,0.875,0.875,0.875,1.0,1.0,1.0,1.0,1.0,1.0,Fp1/F7,beta2
867,0.025,0.025,0.025,0.8,0.65,0.9,0.825,0.625,0.475,T3/C3,beta2
868,0.0,0.0,0.0,0.0,0.0,0.125,0.075,0.0,0.0,T5/T6,beta2
869,0.25,0.25,0.25,0.95,0.95,0.975,0.95,0.9,0.75,T6/O2,beta2
870,0.325,0.325,0.325,0.95,0.925,1.0,1.0,0.9,0.775,Fz/F4,beta2
871,0.925,0.925,0.925,1.0,1.0,1.0,1.0,1.0,1.0,Fp1/F3,beta2
872,0.0,0.0,0.0,0.0,0.0,0.0,0.0,0.0,0.0,F3/T4,beta2
873,0.0,0.0,0.0,0.45,0.425,0.6,0.5,0.4,0.225,Cz/C4,beta2
874,0.0,0.0,0.0,0.675,0.625,0.875,0.725,0.525,0.3,C4/O1,beta2
875,0.325,0.325,0.325,0.95,0.95,0.975,0.975,0.95,0.85,Fp2/F8,beta2
876,0.0,0.0,0.0,0.05,0.025,0.225,0.125,0.0,0.0,F7/Cz,beta2
877,0.0,0.0,0.0,0.025,0.0,0.025,0.0,0.0,0.0,F3/P4,beta2
878,0.0,0.0,0.0,0.4,0.275,0.675,0.425,0.25,0.075,P4/O1,beta2
879,0.0,0.0,0.0,0.025,0.025,0.075,0.025,0.0,0.0,Fp1/F8,beta2
880,0.0,0.0,0.0,0.325,0.25,0.55,0.45,0.275,0.175,Fz/C4,beta2
881,0.25,0.25,0.25,0.95,0.95,0.975,0.975,0.95,0.875,Fp1/Fp2,beta2
882,0.0,0.0,0.0,0.05,0.0,0.1,0.05,0.0,0.0,C4/P3,beta2
883,0.0,0.0,0.0,0.05,0.05,0.075,0.075,0.05,0.0,Fz/P4,beta2
884,0.0,0.0,0.0,0.0,0.0,0.0,0.0,0.0,0.0,Fz/T5,beta2
885,0.0,0.0,0.0,0.0,0.0,0.1,0.025,0.0,0.0,F4/O1,beta2
886,0.0,0.0,0.0,0.2,0.2,0.4,0.275,0.2,0.075,P3/P4,beta2
887,0.15,0.125,0.125,0.9,0.825,0.975,0.925,0.8,0.575,O1/O2,beta2
888,0.0,0.0,0.0,0.0,0.0,0.0,0.0,0.0,0.0,Fp2/Pz,beta2
889,0.175,0.15,0.15,0.975,0.925,1.0,0.975,0.925,0.8,Fp1/C3,beta2
890,0.225,0.225,0.225,0.95,0.9,1.0,0.975,0.825,0.75,F4/T4,beta2
891,0.0,0.0,0.0,0.025,0.0,0.075,0.025,0.025,0.0,T3/T4,beta2
892,0.2,0.2,0.2,0.875,0.8,0.975,0.9,0.775,0.7,Cz/O2,beta2
893,0.0,0.0,0.0,0.0,0.0,0.0,0.0,0.0,0.0,F8/P4,beta2
894,0.75,0.725,0.725,1.0,1.0,1.0,1.0,1.0,0.975,Fp2/Fz,beta2
895,0.0,0.0,0.0,0.175,0.1,0.35,0.225,0.1,0.025,P3/T6,beta2
896,0.0,0.0,0.0,0.225,0.175,0.4,0.225,0.15,0.05,Fp2/T4,beta2
897,0.025,0.0,0.0,0.45,0.375,0.625,0.475,0.35,0.15,Fz/T4,beta2
898,0.0,0.0,0.0,0.225,0.225,0.35,0.3,0.2,0.05,F7/Fz,beta2
899,0.025,0.0,0.0,0.6,0.475,0.85,0.725,0.5,0.275,F7/C3,beta2
900,0.0,0.0,0.0,0.025,0.0,0.05,0.05,0.0,0.0,Fz/P3,beta2
901,0.0,0.0,0.0,0.0,0.0,0.025,0.0,0.0,0.0,F4/T3,beta2
902,0.0,0.0,0.0,0.05,0.05,0.1,0.05,0.05,0.0,F4/P4,beta2
903,0.0,0.0,0.0,0.0,0.0,0.025,0.025,0.0,0.0,F8/T6,beta2
904,0.0,0.0,0.0,0.0,0.0,0.05,0.0,0.0,0.0,F3/F8,beta2
905,0.0,0.0,0.0,0.225,0.175,0.4,0.275,0.15,0.1,F7/T6,beta2
906,0.0,0.0,0.0,0.0,0.0,0.025,0.0,0.0,0.0,T3/T6,beta2
907,0.0,0.0,0.0,0.0,0.0,0.05,0.0,0.0,0.0,Fp2/O2,beta2
908,0.0,0.0,0.0,0.05,0.025,0.3,0.1,0.0,0.0,F7/F8,beta2
909,0.0,0.0,0.0,0.15,0.125,0.275,0.15,0.075,0.025,F4/C3,beta2
910,0.0,0.0,0.0,0.0,0.0,0.025,0.0,0.0,0.0,F8/Pz,beta2
911,0.475,0.475,0.475,1.0,1.0,1.0,1.0,1.0,0.875,C4/T4,beta2
912,0.0,0.0,0.0,0.0,0.0,0.05,0.025,0.0,0.0,Fz/O2,beta2
913,0.0,0.0,0.0,0.375,0.275,0.6,0.45,0.2,0.15,F8/T5,beta2
914,0.0,0.0,0.0,0.075,0.075,0.225,0.125,0.075,0.05,F8/P3,beta2
915,0.0,0.0,0.0,0.5,0.375,0.65,0.5,0.275,0.15,T5/O2,beta2
916,0.0,0.0,0.0,0.025,0.025,0.225,0.075,0.025,0.025,Fp1/T4,beta2
917,0.2,0.2,0.175,0.875,0.85,0.975,0.95,0.875,0.75,F3/Fz,beta2
918,0.0,0.0,0.0,0.0,0.0,0.0,0.0,0.0,0.0,Fp1/Pz,beta2
919,0.0,0.0,0.0,0.1,0.075,0.25,0.15,0.05,0.025,Fp1/C4,beta2
920,0.025,0.025,0.025,0.8,0.725,0.95,0.825,0.525,0.2,T3/T5,beta2
921,0.0,0.0,0.0,0.475,0.375,0.8,0.75,0.425,0.3,T5/P3,beta2
922,0.0,0.0,0.0,0.0,0.0,0.075,0.025,0.0,0.0,Fp1/O2,beta2
923,0.0,0.0,0.0,0.15,0.1,0.3,0.125,0.05,0.025,C4/T5,beta2
924,0.9,0.9,0.9,1.0,1.0,1.0,1.0,1.0,1.0,F4/F8,beta2
925,0.0,0.0,0.0,0.125,0.075,0.275,0.15,0.025,0.025,F7/P4,beta2
926,0.0,0.0,0.0,0.3,0.3,0.375,0.325,0.175,0.125,Fz/Cz,beta2
927,0.0,0.0,0.0,0.0,0.0,0.0,0.0,0.0,0.0,Fp1/P3,beta2
928,0.0,0.0,0.0,0.3,0.25,0.4,0.325,0.2,0.15,F4/Pz,beta2
929,0.0,0.0,0.0,0.0,0.0,0.0,0.0,0.0,0.0,C4/P4,beta2
930,0.15,0.15,0.15,0.85,0.85,0.975,0.925,0.8,0.6,Fp2/Cz,beta2
931,0.0,0.0,0.0,0.0,0.0,0.075,0.0,0.0,0.0,Fp1/T5,beta2
932,0.0,0.0,0.0,0.5,0.45,0.8,0.675,0.475,0.4,P4/T6,beta2
933,0.0,0.0,0.0,0.175,0.1,0.35,0.3,0.15,0.025,C3/Cz,beta2
934,0.0,0.0,0.0,0.0,0.0,0.0,0.0,0.0,0.0,F7/P3,beta2
935,0.0,0.0,0.0,0.125,0.1,0.3,0.175,0.1,0.025,F8/Cz,beta2
936,0.05,0.05,0.05,0.7,0.65,0.85,0.775,0.55,0.25,Cz/O1,beta2
937,0.0,0.0,0.0,0.1,0.05,0.175,0.15,0.075,0.0,T4/O1,beta2
938,0.0,0.0,0.0,0.025,0.025,0.05,0.025,0.025,0.0,Pz/P4,beta2
939,0.0,0.0,0.0,0.025,0.0,0.125,0.05,0.0,0.0,F7/T4,beta2
940,0.025,0.025,0.025,0.675,0.575,0.775,0.65,0.475,0.275,T4/O2,beta2
941,0.0,0.0,0.0,0.225,0.175,0.475,0.3,0.15,0.1,Fz/F8,beta2
942,0.0,0.0,0.0,0.225,0.125,0.35,0.225,0.1,0.05,F8/T3,beta2
943,0.0,0.0,0.0,0.0,0.0,0.1,0.025,0.0,0.0,Fp2/T3,beta2
944,0.075,0.075,0.075,0.875,0.825,0.95,0.9,0.7,0.5,Fp2/F3,beta2
945,0.0,0.0,0.0,0.0,0.0,0.025,0.0,0.0,0.0,F3/T5,beta2
946,0.0,0.0,0.0,0.0,0.0,0.0,0.0,0.0,0.0,Fp1/T6,beta2
947,0.0,0.0,0.0,0.05,0.025,0.075,0.05,0.025,0.025,F4/T6,beta2
948,0.0,0.0,0.0,0.0,0.0,0.075,0.05,0.0,0.0,T3/O2,beta2
949,0.0,0.0,0.0,0.0,0.0,0.0,0.0,0.0,0.0,F3/O2,beta2
950,0.0,0.0,0.0,0.0,0.0,0.0,0.0,0.0,0.0,F7/Pz,beta2
951,0.0,0.0,0.0,0.025,0.025,0.125,0.025,0.025,0.0,Cz/T6,beta2
952,0.0,0.0,0.0,0.0,0.0,0.1,0.025,0.0,0.0,Fz/C3,beta2
953,0.025,0.025,0.025,0.625,0.575,0.825,0.675,0.425,0.25,Pz/O2,beta2
954,0.0,0.0,0.0,0.025,0.025,0.075,0.05,0.0,0.0,F7/C4,beta2
955,0.0,0.0,0.0,0.05,0.05,0.075,0.1,0.05,0.025,P3/Pz,beta2
956,0.0,0.0,0.0,0.0,0.0,0.075,0.0,0.0,0.0,C4/O2,beta2
957,0.25,0.25,0.25,0.975,0.95,0.975,0.975,0.9,0.775,T4/P4,beta2
958,0.075,0.075,0.075,0.875,0.875,0.925,0.9,0.8,0.625,P3/O2,beta2
959,0.0,0.0,0.0,0.25,0.125,0.45,0.25,0.1,0.025,Fp2/O1,beta2
960,0.0,0.0,0.0,0.0,0.0,0.025,0.0,0.0,0.0,Pz/T6,beta2
961,0.0,0.0,0.0,0.15,0.1,0.325,0.15,0.1,0.025,T3/Pz,beta2
962,0.1,0.1,0.1,0.925,0.925,1.0,1.0,0.8,0.75,F7/T3,beta2
963,0.625,0.625,0.625,1.0,1.0,1.0,1.0,1.0,0.975,F7/F3,beta2
964,0.0,0.0,0.0,0.775,0.625,0.95,0.8,0.525,0.325,T4/T6,beta2
965,0.0,0.0,0.0,0.0,0.0,0.05,0.0,0.0,0.0,Fp1/O1,beta2
966,0.0,0.0,0.0,0.225,0.15,0.375,0.25,0.15,0.075,Pz/O1,beta2
967,0.0,0.0,0.0,0.0,0.0,0.025,0.025,0.0,0.0,C3/C4,beta2
968,0.375,0.375,0.375,1.0,0.975,1.0,1.0,0.95,0.875,F8/T4,beta2
969,0.0,0.0,0.0,0.3,0.175,0.45,0.375,0.1,0.0,T3/Cz,beta2
970,0.0,0.0,0.0,0.025,0.0,0.025,0.025,0.0,0.0,Fp2/T6,beta2
971,0.025,0.025,0.025,0.75,0.7,0.925,0.825,0.625,0.5,T3/P3,beta2
972,0.0,0.0,0.0,0.0,0.0,0.05,0.025,0.0,0.0,C3/O1,beta2
973,0.0,0.0,0.0,0.6,0.525,0.675,0.65,0.55,0.4,P4/O2,beta2
974,0.0,0.0,0.0,0.025,0.0,0.05,0.025,0.0,0.0,T4/T5,beta2
975,0.0,0.0,0.0,0.0,0.0,0.025,0.025,0.0,0.0,T5/Pz,beta2
976,0.25,0.225,0.225,0.975,0.925,1.0,1.0,0.9,0.825,Fp1/F4,beta2
977,0.0,0.0,0.0,0.15,0.125,0.4,0.225,0.125,0.05,Fp2/C3,beta2
978,0.0,0.0,0.0,0.0,0.0,0.025,0.0,0.0,0.0,Fz/T6,beta2
979,0.0,0.0,0.0,0.0,0.0,0.0,0.0,0.0,0.0,T4/P3,beta2
980,0.075,0.075,0.075,0.675,0.675,0.925,0.75,0.65,0.45,F4/C4,beta2
981,0.0,0.0,0.0,0.0,0.0,0.025,0.0,0.0,0.0,C3/T4,beta2
982,0.0,0.0,0.0,0.0,0.0,0.05,0.0,0.0,0.0,Cz/Pz,beta2
983,0.0,0.0,0.0,0.0,0.0,0.0,0.0,0.0,0.0,F7/O2,beta2
984,0.0,0.0,0.0,0.025,0.025,0.15,0.1,0.025,0.025,Fp2/P3,beta2
985,0.9,0.9,0.9,1.0,1.0,1.0,1.0,1.0,1.0,Fp1/Fz,beta2
986,0.175,0.175,0.175,0.9,0.9,0.975,0.9,0.875,0.65,C3/O2,beta2
987,0.0,0.0,0.0,0.075,0.075,0.25,0.175,0.1,0.05,C4/Pz,beta2
988,0.175,0.175,0.175,0.825,0.8,0.975,0.85,0.75,0.525,F3/T3,beta2
989,0.0,0.0,0.0,0.025,0.0,0.025,0.025,0.0,0.0,F8/O2,beta2
990,0.0,0.0,0.0,0.0,0.0,0.025,0.0,0.0,0.0,F3/O1,beta2
991,0.0,0.0,0.0,0.0,0.0,0.025,0.0,0.0,0.0,F4/T5,beta2
992,0.175,0.175,0.175,1.0,1.0,1.0,1.0,1.0,0.875,T5/O1,beta2
993,0.0,0.0,0.0,0.5,0.375,0.675,0.575,0.35,0.175,F3/Pz,beta2
994,0.0,0.0,0.0,0.025,0.025,0.075,0.025,0.0,0.0,F3/T6,beta2
995,0.2,0.2,0.2,0.825,0.775,0.925,0.875,0.75,0.65,F3/Cz,beta2
996,0.0,0.0,0.0,0.0,0.0,0.1,0.0,0.0,0.0,Fp1/P4,beta2
997,0.0,0.0,0.0,0.0,0.0,0.05,0.0,0.0,0.0,T3/C4,beta2
998,0.0,0.0,0.0,0.0,0.0,0.075,0.0,0.0,0.0,F7/O1,beta2
999,0.0,0.0,0.0,0.15,0.1,0.45,0.35,0.125,0.05,C3/Pz,beta2
1000,0.0,0.0,0.0,0.0,0.0,0.05,0.0,0.0,0.0,T3/P4,beta2
1001,0.925,0.925,0.925,1.0,1.0,1.0,1.0,1.0,1.0,Fp2/F4,beta2
1002,0.0,0.0,0.0,0.0,0.0,0.05,0.0,0.0,0.0,C3/P3,beta2
1003,0.0,0.0,0.0,0.025,0.025,0.2,0.075,0.025,0.0,C3/T6,beta2
1004,0.0,0.0,0.0,0.1,0.075,0.225,0.125,0.075,0.0,Fp2/F7,beta2
1005,0.0,0.0,0.0,0.15,0.1,0.35,0.175,0.075,0.025,Fz/O1,beta2
1006,0.125,0.125,0.125,0.75,0.7,0.875,0.75,0.625,0.4,F4/Cz,beta2
1007,0.0,0.0,0.0,0.175,0.075,0.3,0.175,0.05,0.0,T3/O1,beta2
1008,0.0,0.0,0.0,0.025,0.025,0.05,0.025,0.025,0.0,F4/P3,beta2
1009,0.05,0.05,0.05,0.6,0.55,0.7,0.65,0.525,0.35,Cz/T4,beta2
1010,0.0,0.0,0.0,0.05,0.0,0.075,0.075,0.0,0.0,T6/O1,beta2
1011,0.0,0.0,0.0,0.025,0.0,0.075,0.025,0.0,0.0,Fz/Pz,beta2
1012,0.0,0.0,0.0,0.0,0.0,0.0,0.0,0.0,0.0,F7/T5,beta2
1013,0.0,0.0,0.0,0.0,0.0,0.025,0.025,0.0,0.0,F8/O1,beta2
1014,0.0,0.0,0.0,0.45,0.375,0.65,0.475,0.35,0.15,T4/Pz,beta2
1015,0.0,0.0,0.0,0.1,0.05,0.275,0.125,0.0,0.0,Fz/T3,beta2
1016,0.175,0.15,0.15,0.925,0.9,1.0,0.975,0.9,0.8,Fp1/Cz,beta2
1017,0.0,0.0,0.0,0.275,0.25,0.525,0.325,0.225,0.125,T5/P4,beta2
1018,0.0,0.0,0.0,0.05,0.025,0.075,0.05,0.025,0.0,C3/T5,beta2
1019,0.0,0.0,0.0,0.5,0.475,0.625,0.55,0.45,0.35,P3/O1,beta2
1020,0.0,0.0,0.0,0.1,0.075,0.225,0.15,0.05,0.0,Fp2/T5,beta2
1021,0.0,0.0,0.0,0.05,0.0,0.05,0.05,0.0,0.0,Fp2/P4,beta2
1022,0.0,0.0,0.0,0.0,0.0,0.0,0.0,0.0,0.0,F4/O2,beta2
1023,0.0,0.0,0.0,0.0,0.0,0.025,0.0,0.0,0.0,Cz/T5,beta2
1024,0.075,0.075,0.075,0.775,0.7,0.95,0.8,0.65,0.4,Fp2/C4,beta2
1025,0.0,0.0,0.0,0.6,0.55,0.775,0.7,0.55,0.35,F8/C4,beta2
1026,0.0,0.0,0.0,0.075,0.05,0.075,0.075,0.05,0.025,F3/F4,gamma
1027,0.0,0.0,0.0,0.05,0.025,0.125,0.075,0.025,0.0,C3/P4,gamma
1028,0.0,0.0,0.0,0.0,0.0,0.175,0.025,0.0,0.0,F7/F4,gamma
1029,0.0,0.0,0.0,0.2,0.175,0.35,0.225,0.2,0.1,F3/C3,gamma
1030,0.0,0.0,0.0,0.0,0.0,0.0,0.0,0.0,0.0,Fp1/T3,gamma
1031,0.0,0.0,0.0,0.075,0.05,0.225,0.1,0.025,0.0,F3/P3,gamma
1032,0.0,0.0,0.0,0.0,0.0,0.0,0.0,0.0,0.0,Cz/P4,gamma
1033,0.0,0.0,0.0,0.0,0.0,0.0,0.0,0.0,0.0,F3/C4,gamma
1034,0.0,0.0,0.0,0.0,0.0,0.0,0.0,0.0,0.0,Cz/P3,gamma
1035,0.025,0.025,0.025,0.425,0.35,0.675,0.525,0.3,0.1,C4/T6,gamma
1036,0.125,0.125,0.125,0.975,0.95,0.975,0.975,0.9,0.7,F8/C3,gamma
1037,0.225,0.225,0.225,0.95,0.925,1.0,1.0,0.95,0.85,Fp1/F7,gamma
1038,0.0,0.0,0.0,0.05,0.025,0.225,0.05,0.025,0.0,T3/C3,gamma
1039,0.0,0.0,0.0,0.025,0.025,0.125,0.05,0.0,0.0,T5/T6,gamma
1040,0.05,0.05,0.05,0.45,0.425,0.6,0.525,0.4,0.25,T6/O2,gamma
1041,0.0,0.0,0.0,0.225,0.15,0.45,0.3,0.15,0.1,Fz/F4,gamma
1042,0.025,0.025,0.025,0.9,0.825,1.0,0.95,0.775,0.525,Fp1/F3,gamma
1043,0.0,0.0,0.0,0.0,0.0,0.025,0.025,0.0,0.0,F3/T4,gamma
1044,0.0,0.0,0.0,0.0,0.0,0.025,0.025,0.025,0.0,Cz/C4,gamma
1045,0.0,0.0,0.0,0.0,0.0,0.05,0.025,0.0,0.0,C4/O1,gamma
1046,0.0,0.0,0.0,0.6,0.525,0.7,0.675,0.5,0.25,Fp2/F8,gamma
1047,0.0,0.0,0.0,0.5,0.425,0.6,0.5,0.325,0.175,F7/Cz,gamma
1048,0.0,0.0,0.0,0.0,0.0,0.0,0.0,0.0,0.0,F3/P4,gamma
1049,0.0,0.0,0.0,0.05,0.025,0.05,0.05,0.025,0.025,P4/O1,gamma
1050,0.0,0.0,0.0,0.05,0.025,0.1,0.05,0.025,0.0,Fp1/F8,gamma
1051,0.0,0.0,0.0,0.0,0.0,0.0,0.0,0.0,0.0,Fz/C4,gamma
1052,0.0,0.0,0.0,0.7,0.525,0.775,0.725,0.425,0.2,Fp1/Fp2,gamma
1053,0.0,0.0,0.0,0.0,0.0,0.025,0.0,0.0,0.0,C4/P3,gamma
1054,0.0,0.0,0.0,0.0,0.0,0.025,0.0,0.0,0.0,Fz/P4,gamma
1055,0.0,0.0,0.0,0.1,0.075,0.25,0.15,0.075,0.025,Fz/T5,gamma
1056,0.0,0.0,0.0,0.0,0.0,0.0,0.0,0.0,0.0,F4/O1,gamma
1057,0.0,0.0,0.0,0.0,0.0,0.025,0.025,0.0,0.0,P3/P4,gamma
1058,0.0,0.0,0.0,0.0,0.0,0.025,0.025,0.0,0.0,O1/O2,gamma
1059,0.0,0.0,0.0,0.05,0.05,0.125,0.05,0.025,0.0,Fp2/Pz,gamma
1060,0.0,0.0,0.0,0.0,0.0,0.025,0.0,0.0,0.0,Fp1/C3,gamma
1061,0.1,0.1,0.1,0.875,0.8,0.975,0.95,0.775,0.625,F4/T4,gamma
1062,0.0,0.0,0.0,0.05,0.025,0.175,0.075,0.025,0.0,T3/T4,gamma
1063,0.0,0.0,0.0,0.0,0.0,0.025,0.0,0.0,0.0,Cz/O2,gamma
1064,0.0,0.0,0.0,0.025,0.025,0.15,0.025,0.025,0.0,F8/P4,gamma
1065,0.0,0.0,0.0,0.175,0.1,0.3,0.2,0.075,0.025,Fp2/Fz,gamma
1066,0.0,0.0,0.0,0.025,0.025,0.1,0.025,0.025,0.025,P3/T6,gamma
1067,0.0,0.0,0.0,0.0,0.0,0.025,0.0,0.0,0.0,Fp2/T4,gamma
1068,0.0,0.0,0.0,0.125,0.075,0.25,0.15,0.075,0.025,Fz/T4,gamma
1069,0.0,0.0,0.0,0.05,0.025,0.175,0.05,0.0,0.0,F7/Fz,gamma
1070,0.0,0.0,0.0,0.0,0.0,0.025,0.0,0.0,0.0,F7/C3,gamma
1071,0.0,0.0,0.0,0.0,0.0,0.05,0.0,0.0,0.0,Fz/P3,gamma
1072,0.0,0.0,0.0,0.0,0.0,0.025,0.025,0.0,0.0,F4/T3,gamma
1073,0.0,0.0,0.0,0.025,0.025,0.05,0.05,0.025,0.0,F4/P4,gamma
1074,0.0,0.0,0.0,0.0,0.0,0.0,0.0,0.0,0.0,F8/T6,gamma
1075,0.0,0.0,0.0,0.35,0.275,0.45,0.375,0.15,0.025,F3/F8,gamma
1076,0.0,0.0,0.0,0.125,0.075,0.3,0.175,0.075,0.0,F7/T6,gamma
1077,0.0,0.0,0.0,0.05,0.025,0.125,0.05,0.025,0.0,T3/T6,gamma
1078,0.0,0.0,0.0,0.1,0.075,0.25,0.175,0.075,0.025,Fp2/O2,gamma
1079,0.0,0.0,0.0,0.15,0.05,0.375,0.175,0.05,0.025,F7/F8,gamma
1080,0.0,0.0,0.0,0.0,0.0,0.0,0.0,0.0,0.0,F4/C3,gamma
1081,0.0,0.0,0.0,0.15,0.025,0.35,0.2,0.05,0.0,F8/Pz,gamma
1082,0.0,0.0,0.0,0.275,0.2,0.525,0.45,0.175,0.1,C4/T4,gamma
1083,0.0,0.0,0.0,0.0,0.0,0.025,0.0,0.0,0.0,Fz/O2,gamma
1084,0.0,0.0,0.0,0.125,0.1,0.35,0.175,0.1,0.025,F8/T5,gamma
1085,0.0,0.0,0.0,0.675,0.6,0.8,0.725,0.55,0.375,F8/P3,gamma
1086,0.0,0.0,0.0,0.0,0.0,0.0,0.0,0.0,0.0,T5/O2,gamma
1087,0.0,0.0,0.0,0.175,0.15,0.475,0.25,0.1,0.0,Fp1/T4,gamma
1088,0.0,0.0,0.0,0.175,0.175,0.3,0.25,0.15,0.1,F3/Fz,gamma
1089,0.0,0.0,0.0,0.025,0.0,0.05,0.05,0.0,0.0,Fp1/Pz,gamma
1090,0.0,0.0,0.0,0.1,0.05,0.225,0.1,0.025,0.0,Fp1/C4,gamma
1091,0.025,0.025,0.025,0.3,0.25,0.625,0.35,0.175,0.05,T3/T5,gamma
1092,0.075,0.075,0.075,0.7,0.675,0.9,0.8,0.675,0.5,T5/P3,gamma
1093,0.0,0.0,0.0,0.125,0.05,0.15,0.125,0.025,0.0,Fp1/O2,gamma
1094,0.0,0.0,0.0,0.0,0.0,0.025,0.0,0.0,0.0,C4/T5,gamma
1095,0.025,0.0,0.0,0.975,0.925,0.975,0.975,0.9,0.625,F4/F8,gamma
1096,0.0,0.0,0.0,0.2,0.15,0.575,0.275,0.15,0.025,F7/P4,gamma
1097,0.0,0.0,0.0,0.025,0.025,0.025,0.025,0.025,0.025,Fz/Cz,gamma
1098,0.0,0.0,0.0,0.0,0.0,0.075,0.025,0.0,0.0,Fp1/P3,gamma
1099,0.0,0.0,0.0,0.0,0.0,0.025,0.025,0.0,0.0,F4/Pz,gamma
1100,0.0,0.0,0.0,0.0,0.0,0.1,0.025,0.0,0.0,C4/P4,gamma
1101,0.0,0.0,0.0,0.0,0.0,0.0,0.0,0.0,0.0,Fp2/Cz,gamma
1102,0.025,0.0,0.0,0.275,0.25,0.375,0.3,0.225,0.075,Fp1/T5,gamma
1103,0.025,0.025,0.025,0.65,0.5,0.8,0.675,0.5,0.35,P4/T6,gamma
1104,0.0,0.0,0.0,0.0,0.0,0.05,0.025,0.0,0.0,C3/Cz,gamma
1105,0.0,0.0,0.0,0.025,0.0,0.15,0.05,0.0,0.0,F7/P3,gamma
1106,0.0,0.0,0.0,0.3,0.225,0.575,0.425,0.15,0.1,F8/Cz,gamma
1107,0.0,0.0,0.0,0.025,0.0,0.025,0.025,0.0,0.0,Cz/O1,gamma
1108,0.0,0.0,0.0,0.0,0.0,0.05,0.0,0.0,0.0,T4/O1,gamma
1109,0.0,0.0,0.0,0.075,0.025,0.1,0.1,0.05,0.025,Pz/P4,gamma
1110,0.0,0.0,0.0,0.15,0.125,0.3,0.175,0.125,0.025,F7/T4,gamma
1111,0.0,0.0,0.0,0.625,0.5,0.825,0.65,0.425,0.3,T4/O2,gamma
1112,0.0,0.0,0.0,0.175,0.125,0.325,0.2,0.075,0.05,Fz/F8,gamma
1113,0.0,0.0,0.0,0.175,0.15,0.275,0.175,0.1,0.025,F8/T3,gamma
1114,0.0,0.0,0.0,0.075,0.025,0.225,0.1,0.025,0.025,Fp2/T3,gamma
1115,0.0,0.0,0.0,0.075,0.0,0.175,0.1,0.0,0.0,Fp2/F3,gamma
1116,0.0,0.0,0.0,0.35,0.3,0.6,0.425,0.25,0.15,F3/T5,gamma
1117,0.025,0.025,0.025,0.225,0.2,0.45,0.275,0.2,0.1,Fp1/T6,gamma
1118,0.0,0.0,0.0,0.225,0.225,0.475,0.275,0.2,0.175,F4/T6,gamma
1119,0.0,0.0,0.0,0.0,0.0,0.025,0.0,0.0,0.0,T3/O2,gamma
1120,0.0,0.0,0.0,0.0,0.0,0.0,0.0,0.0,0.0,F3/O2,gamma
1121,0.0,0.0,0.0,0.15,0.1,0.45,0.25,0.075,0.0,F7/Pz,gamma
1122,0.0,0.0,0.0,0.025,0.025,0.1,0.05,0.025,0.025,Cz/T6,gamma
1123,0.0,0.0,0.0,0.0,0.0,0.025,0.0,0.0,0.0,Fz/C3,gamma
1124,0.0,0.0,0.0,0.025,0.0,0.025,0.025,0.0,0.0,Pz/O2,gamma
1125,0.025,0.025,0.025,0.625,0.575,0.825,0.675,0.5,0.3,F7/C4,gamma
1126,0.0,0.0,0.0,0.025,0.0,0.175,0.15,0.075,0.0,P3/Pz,gamma
1127,0.0,0.0,0.0,0.05,0.05,0.325,0.15,0.05,0.0,C4/O2,gamma
1128,0.025,0.025,0.025,0.375,0.325,0.525,0.375,0.3,0.25,T4/P4,gamma
1129,0.0,0.0,0.0,0.0,0.0,0.0,0.0,0.0,0.0,P3/O2,gamma
1130,0.025,0.025,0.025,0.6,0.525,0.75,0.6,0.525,0.375,Fp2/O1,gamma
1131,0.0,0.0,0.0,0.0,0.0,0.05,0.0,0.0,0.0,Pz/T6,gamma
1132,0.0,0.0,0.0,0.05,0.05,0.175,0.05,0.025,0.0,T3/Pz,gamma
1133,0.0,0.0,0.0,0.25,0.175,0.475,0.3,0.1,0.05,F7/T3,gamma
1134,0.1,0.1,0.1,0.7,0.675,0.925,0.75,0.625,0.375,F7/F3,gamma
1135,0.0,0.0,0.0,0.6,0.55,0.9,0.8,0.525,0.275,T4/T6,gamma
1136,0.0,0.0,0.0,0.1,0.05,0.225,0.15,0.025,0.0,Fp1/O1,gamma
1137,0.0,0.0,0.0,0.025,0.025,0.025,0.025,0.025,0.0,Pz/O1,gamma
1138,0.0,0.0,0.0,0.025,0.025,0.025,0.025,0.025,0.0,C3/C4,gamma
1139,0.0,0.0,0.0,0.5,0.425,0.825,0.6,0.35,0.225,F8/T4,gamma
1140,0.0,0.0,0.0,0.0,0.0,0.0,0.0,0.0,0.0,T3/Cz,gamma
1141,0.0,0.0,0.0,0.075,0.075,0.2,0.125,0.075,0.05,Fp2/T6,gamma
1142,0.0,0.0,0.0,0.125,0.1,0.275,0.15,0.025,0.0,T3/P3,gamma
1143,0.0,0.0,0.0,0.125,0.025,0.175,0.15,0.075,0.0,C3/O1,gamma
1144,0.0,0.0,0.0,0.625,0.55,0.75,0.725,0.625,0.45,P4/O2,gamma
1145,0.0,0.0,0.0,0.0,0.0,0.0,0.0,0.0,0.0,T4/T5,gamma
1146,0.0,0.0,0.0,0.4,0.375,0.45,0.4,0.375,0.175,T5/Pz,gamma
1147,0.0,0.0,0.0,0.2,0.15,0.425,0.2,0.15,0.075,Fp1/F4,gamma
1148,0.0,0.0,0.0,0.0,0.0,0.05,0.0,0.0,0.0,Fp2/C3,gamma
1149,0.0,0.0,0.0,0.075,0.05,0.1,0.075,0.05,0.025,Fz/T6,gamma
1150,0.0,0.0,0.0,0.05,0.025,0.125,0.05,0.025,0.025,T4/P3,gamma
1151,0.0,0.0,0.0,0.25,0.1,0.475,0.3,0.175,0.1,F4/C4,gamma
1152,0.0,0.0,0.0,0.0,0.0,0.05,0.0,0.0,0.0,C3/T4,gamma
1153,0.0,0.0,0.0,0.0,0.0,0.0,0.0,0.0,0.0,Cz/Pz,gamma
1154,0.0,0.0,0.0,0.025,0.025,0.3,0.1,0.0,0.0,F7/O2,gamma
1155,0.0,0.0,0.0,0.15,0.125,0.35,0.2,0.1,0.05,Fp2/P3,gamma
1156,0.0,0.0,0.0,0.4,0.225,0.575,0.45,0.225,0.125,Fp1/Fz,gamma
1157,0.0,0.0,0.0,0.025,0.025,0.05,0.025,0.025,0.0,C3/O2,gamma
1158,0.0,0.0,0.0,0.025,0.025,0.075,0.05,0.025,0.025,C4/Pz,gamma
1159,0.0,0.0,0.0,0.2,0.2,0.35,0.25,0.15,0.075,F3/T3,gamma
1160,0.0,0.0,0.0,0.0,0.0,0.15,0.0,0.0,0.0,F8/O2,gamma
1161,0.0,0.0,0.0,0.025,0.0,0.05,0.025,0.0,0.0,F3/O1,gamma
1162,0.0,0.0,0.0,0.0,0.0,0.05,0.025,0.0,0.0,F4/T5,gamma
1163,0.125,0.125,0.125,0.825,0.725,0.925,0.85,0.7,0.6,T5/O1,gamma
1164,0.0,0.0,0.0,0.0,0.0,0.05,0.0,0.0,0.0,F3/Pz,gamma
1165,0.0,0.0,0.0,0.0,0.0,0.025,0.0,0.0,0.0,F3/T6,gamma
1166,0.0,0.0,0.0,0.1,0.075,0.25,0.15,0.025,0.0,F3/Cz,gamma
1167,0.0,0.0,0.0,0.075,0.05,0.325,0.1,0.0,0.0,Fp1/P4,gamma
1168,0.0,0.0,0.0,0.0,0.0,0.025,0.0,0.0,0.0,T3/C4,gamma
1169,0.0,0.0,0.0,0.05,0.025,0.2,0.05,0.025,0.025,F7/O1,gamma
1170,0.0,0.0,0.0,0.1,0.05,0.2,0.15,0.075,0.025,C3/Pz,gamma
1171,0.0,0.0,0.0,0.0,0.0,0.0,0.0,0.0,0.0,T3/P4,gamma
1172,0.75,0.75,0.75,1.0,1.0,1.0,1.0,1.0,1.0,Fp2/F4,gamma
1173,0.0,0.0,0.0,0.0,0.0,0.025,0.0,0.0,0.0,C3/P3,gamma
1174,0.0,0.0,0.0,0.0,0.0,0.025,0.0,0.0,0.0,C3/T6,gamma
1175,0.0,0.0,0.0,0.0,0.0,0.025,0.0,0.0,0.0,Fp2/F7,gamma
1176,0.0,0.0,0.0,0.0,0.0,0.0,0.0,0.0,0.0,Fz/O1,gamma
1177,0.0,0.0,0.0,0.025,0.025,0.1,0.025,0.025,0.025,F4/Cz,gamma
1178,0.0,0.0,0.0,0.175,0.1,0.4,0.2,0.05,0.025,T3/O1,gamma
1179,0.0,0.0,0.0,0.0,0.0,0.0,0.0,0.0,0.0,F4/P3,gamma
1180,0.0,0.0,0.0,0.15,0.125,0.275,0.15,0.1,0.075,Cz/T4,gamma
1181,0.0,0.0,0.0,0.05,0.025,0.125,0.075,0.025,0.025,T6/O1,gamma
1182,0.0,0.0,0.0,0.0,0.0,0.125,0.025,0.0,0.0,Fz/Pz,gamma
1183,0.0,0.0,0.0,0.05,0.025,0.225,0.05,0.025,0.025,F7/T5,gamma
1184,0.0,0.0,0.0,0.225,0.225,0.5,0.25,0.175,0.125,F8/O1,gamma
1185,0.0,0.0,0.0,0.075,0.075,0.175,0.1,0.075,0.025,T4/Pz,gamma
1186,0.0,0.0,0.0,0.0,0.0,0.05,0.025,0.0,0.0,Fz/T3,gamma
1187,0.0,0.0,0.0,0.0,0.0,0.0,0.0,0.0,0.0,Fp1/Cz,gamma
1188,0.0,0.0,0.0,0.05,0.05,0.125,0.1,0.05,0.0,T5/P4,gamma
1189,0.0,0.0,0.0,0.35,0.275,0.425,0.375,0.225,0.15,C3/T5,gamma
1190,0.025,0.025,0.025,0.725,0.6,0.875,0.825,0.625,0.425,P3/O1,gamma
1191,0.0,0.0,0.0,0.325,0.275,0.625,0.375,0.25,0.075,Fp2/T5,gamma
1192,0.0,0.0,0.0,0.0,0.0,0.075,0.0,0.0,0.0,Fp2/P4,gamma
1193,0.0,0.0,0.0,0.0,0.0,0.175,0.05,0.0,0.0,F4/O2,gamma
1194,0.025,0.025,0.025,0.3,0.25,0.425,0.375,0.225,0.15,Cz/T5,gamma
1195,0.0,0.0,0.0,0.0,0.0,0.025,0.0,0.0,0.0,Fp2/C4,gamma
1196,0.0,0.0,0.0,0.0,0.0,0.0,0.0,0.0,0.0,F8/C4,gamma
