,p_val,mean_eff_size,abs_eff_size,low_eff_size,upper_eff_size,band
"('F3', 'Fz')",5.744588325574312e-27,-1.0461116663792,1.0461116663792,-1.1879830882619777,-0.9198336306834185,alpha2
"('Fp1', 'F3')",5.59098013268772e-24,-1.0165435589862206,1.0165435589862206,-1.112418222510317,-0.9382149760661438,alpha2
"('Fz', 'F4')",1.381926889731218e-26,-1.007131212886628,1.007131212886628,-1.1522794889318304,-0.9095785885620253,alpha2
"('F7', 'Fz')",1.880224167253631e-24,-0.9763170972829289,0.9763170972829289,-1.065665687538628,-0.8636941896462896,alpha2
"('Fp1', 'Fz')",3.2359393944103004e-24,-0.9333866227160723,0.9333866227160723,-1.0470030663452505,-0.8575031932007959,alpha2
"('F3', 'F4')",1.1860352759347499e-21,-0.9316538779409445,0.9316538779409445,-1.0145210771836386,-0.8186402248881633,alpha2
"('Fp2', 'Fz')",3.0292664441833233e-20,-0.9217718962105371,0.9217718962105371,-1.102408801871221,-0.7282817774936774,alpha2
"('Fp1', 'F7')",1.671173237793644e-20,-0.9070758422647078,0.9070758422647078,-1.0343807940669467,-0.7830885541871654,alpha2
"('F7', 'F3')",2.3816651215565186e-20,-0.8965134954286869,0.8965134954286869,-1.0003303889087387,-0.8233650966055379,alpha2
"('Fp1', 'F4')",6.391658671138836e-20,-0.8648078257501645,0.8648078257501645,-0.9743570494169329,-0.7231520889570879,alpha2
"('Fp1', 'F3')",2.4672454412410336e-17,-0.8342417747753377,0.8342417747753377,-0.905109318214125,-0.742201913191803,beta1
"('Fp2', 'F4')",6.41625372110058e-20,-0.8126232043370848,0.8126232043370848,-0.8658332569189208,-0.7319606312091194,alpha2
"('F4', 'F8')",4.2794343197313394e-15,-0.8071030728450055,0.8071030728450055,-1.0326622306209468,-0.6473077176620337,alpha2
"('F7', 'T6')",2.414678423053033e-16,-0.8034889532710036,0.8034889532710036,-0.903080387081785,-0.7302634282165574,alpha2
"('C3', 'Cz')",2.065223841324161e-16,-0.7965874858350434,0.7965874858350434,-0.9449719383837891,-0.6170325590432455,alpha2
"('F7', 'F4')",2.135603929381231e-18,-0.7884814001550897,0.7884814001550897,-0.9062519398733568,-0.7059574396942969,alpha2
"('Fp2', 'F3')",6.542662870087334e-17,-0.7777548045552334,0.7777548045552334,-0.8551563852002002,-0.6713531663719972,alpha2
"('Fp2', 'F4')",1.2702906584770824e-15,-0.7695131280925929,0.7695131280925929,-0.8938186866776041,-0.6139654467255113,beta1
"('Fz', 'F8')",9.59393109979844e-15,-0.7653472695382312,0.7653472695382312,-0.8924048317880124,-0.6063550617412201,alpha2
"('F7', 'Cz')",2.8257381690705438e-14,-0.7555209515399185,0.7555209515399185,-0.8252443472445026,-0.661793997823833,alpha2
"('F7', 'O2')",1.660391844942496e-16,-0.7470249746612102,0.7470249746612102,-0.9685414820744891,-0.6330659936732518,alpha2
"('Fp2', 'F4')",8.945267745595319e-14,-0.7249079923741518,0.7249079923741518,-0.8780268429368296,-0.5815206720613418,beta2
"('F3', 'F8')",8.74431211654738e-15,-0.7236355968422725,0.7236355968422725,-0.8325530689407433,-0.6218100251089207,alpha2
"('Fp1', 'O2')",6.066862581267327e-15,-0.7202425573007365,0.7202425573007365,-0.8084386477813229,-0.6303042178637388,alpha2
"('T3', 'Cz')",2.9433213749553547e-14,-0.7128474463598348,0.7128474463598348,-0.8282548279338946,-0.6161958889658585,alpha2
"('Fp1', 'Fz')",5.777337245962231e-15,-0.7100732626676967,0.7100732626676967,-0.8011952897936262,-0.5921354217618795,beta1
"('Fp2', 'F7')",1.3128802520835903e-14,-0.7096661493194457,0.7096661493194457,-0.7641844517250063,-0.6038846345546679,alpha2
"('T6', 'O2')",1.1893069126413384e-14,-0.7052221039901683,0.7052221039901683,-0.8382254368476245,-0.5944911983892112,alpha2
"('F3', 'Cz')",6.448593201255817e-12,-0.6947291517665911,0.6947291517665911,-0.8039884317258037,-0.5060847181396267,alpha2
"('Fp1', 'T6')",8.588924112905103e-13,-0.6942685402659773,0.6942685402659773,-0.8247811922059155,-0.5902333707843355,alpha2
"('Fp2', 'Fz')",1.4506601190134247e-13,-0.6839778109937854,0.6839778109937854,-0.776064799051546,-0.5797086688190124,beta1
"('F4', 'Cz')",1.0702702268797132e-12,-0.6776033261016289,0.6776033261016289,-0.7429570445321352,-0.594074260402503,alpha2
"('Fp1', 'F7')",2.580253866668597e-11,-0.6722569622239286,0.6722569622239286,-0.8272715898411791,-0.6095684694468488,beta2
"('Fp1', 'F3')",3.5872762235456015e-13,-0.6666512103791359,0.6666512103791359,-0.7181847962588093,-0.6146902924237282,alpha1
"('F3', 'Fz')",7.623577493014631e-11,-0.6585384679516921,0.6585384679516921,-0.8282087558275588,-0.5523018849404966,beta1
"('F8', 'O1')",2.343180102782026e-11,-0.6513875376869978,0.6513875376869978,-0.8323082938350967,-0.5073585498900106,alpha2
"('F3', 'T6')",1.095102641428196e-10,-0.649761896311422,0.649761896311422,-0.7700178474148138,-0.5825338846481308,alpha2
"('Fp1', 'F7')",1.1114019394965006e-10,-0.649162080924307,0.649162080924307,-0.7653534369796056,-0.5312276552419174,beta1
"('Fp2', 'F8')",7.799967742921211e-10,-0.6435863251813905,0.6435863251813905,-0.8116553635297689,-0.533660855014278,alpha2
"('Fp1', 'F3')",4.01491242125142e-11,-0.6430411420114712,0.6430411420114712,-0.7603888502708412,-0.5271491214509614,beta2
"('T3', 'C3')",6.616960027462881e-12,-0.6424579766532996,0.6424579766532996,-0.7400211702404189,-0.5304436730387337,alpha2
"('F4', 'F8')",3.1739555599456947e-12,-0.6421053342615131,0.6421053342615131,-0.765986302749947,-0.5402058890798406,beta2
"('F4', 'F8')",1.770499762327452e-10,-0.6397520634956775,0.6397520634956775,-0.8093349155575068,-0.4597438972883701,beta1
"('Fz', 'F4')",2.4530119240639047e-12,-0.637445448353477,0.637445448353477,-0.7394474799523048,-0.5269124175556065,beta1
"('F7', 'F3')",2.0407327771895137e-10,-0.6320123513656356,0.6320123513656356,-0.6987431191169912,-0.548786058210143,beta1
"('Fp2', 'O2')",1.0525687743667811e-11,-0.6312046087868562,0.6312046087868562,-0.7150629119873636,-0.5615551960315284,alpha2
"('Fp1', 'Fz')",7.30849726876867e-11,-0.6227375519700685,0.6227375519700685,-0.7541906787148182,-0.5421579334504887,beta2
"('Fp1', 'Fp2')",1.43157857804979e-10,-0.6218724029084066,0.6218724029084066,-0.7696876501838081,-0.4552919458361011,alpha2
"('Fp1', 'C3')",3.5857624885731043e-10,-0.6176562296066179,0.6176562296066179,-0.7569680960791055,-0.4967609540370208,beta1
"('Fz', 'T3')",1.5333304267109418e-10,-0.6116721328074266,0.6116721328074266,-0.7311754687087043,-0.4834445973497265,alpha2
"('C3', 'C4')",8.897292883644581e-10,-0.6074882989258882,0.6074882989258882,-0.717055592486183,-0.45844446414291884,alpha2
"('Fp2', 'Cz')",6.761585844596723e-10,-0.6074457844904833,0.6074457844904833,-0.7337370934346606,-0.5353137440202739,beta1
"('Fp1', 'Fz')",1.337375393463295e-10,-0.6037479685369151,0.6037479685369151,-0.6772360772325291,-0.545558099101649,alpha1
"('T5', 'O1')",5.8662349312812144e-09,-0.6036275046791951,0.6036275046791951,-0.7000371349269516,-0.4851539501623945,alpha2
"('F3', 'Fz')",2.5546500310621537e-09,-0.5975578700996074,0.5975578700996074,-0.7884474355166349,-0.443760569024208,alpha1
"('Fp1', 'F4')",7.000044744758418e-10,-0.5973811143691321,0.5973811143691321,-0.706694021757385,-0.48763074968038644,alpha1
"('Fp1', 'Cz')",2.510929478467987e-10,-0.5956695665828992,0.5956695665828992,-0.6707872221066554,-0.5120702448522696,beta1
"('F4', 'C3')",3.062390731234896e-09,-0.5918774591738104,0.5918774591738104,-0.6690143164519387,-0.5178756639902915,alpha2
"('Fp2', 'T6')",4.304563355113966e-09,-0.5918483135184497,0.5918483135184497,-0.7541607227599295,-0.4754723341562319,alpha2
"('F3', 'Cz')",1.2796993802652236e-09,-0.5903070894351059,0.5903070894351059,-0.7465992591244968,-0.47254790569627125,beta1
"('Fz', 'F4')",1.0584956040649014e-06,-0.5902617762978817,0.5902617762978817,-0.7476561804116725,-0.45961258765325036,alpha1
"('F8', 'T5')",3.178486768334579e-10,-0.5873425687317393,0.5873425687317393,-0.658805978613026,-0.4611314734051569,alpha2
"('Fp1', 'F4')",1.131463618091203e-08,-0.5824398825154425,0.5824398825154425,-0.6935740057630184,-0.4540515205332615,beta1
"('Fp2', 'F4')",5.833408345935344e-10,-0.5803157059019023,0.5803157059019023,-0.6957569009161407,-0.45104966183561934,gamma
"('Fp2', 'Fz')",4.4161527381049504e-09,-0.5778966496003897,0.5778966496003897,-0.7008495353788762,-0.47513302335532487,beta2
"('F7', 'F8')",1.9168259169543246e-08,-0.5726941892774675,0.5726941892774675,-0.7003162220910031,-0.4297212142164293,alpha2
"('Fp1', 'F7')",1.0454571033811658e-08,-0.5686353294123303,0.5686353294123303,-0.6727678167520099,-0.44730047468273104,alpha1
"('Fp2', 'F4')",4.809751930458875e-09,-0.5683639027948794,0.5683639027948794,-0.6490630879956725,-0.501712517491775,alpha1
"('Cz', 'C4')",5.105477155467166e-10,-0.5642687947782645,0.5642687947782645,-0.7080134308978616,-0.4443736513779675,alpha2
"('Fp2', 'F3')",2.251012066202117e-09,-0.5637796832502175,0.5637796832502175,-0.6713961220653764,-0.44382735391653105,alpha1
"('O2', 'P3')",1.1020719229822005e-08,0.5628323352509129,0.5628323352509129,0.48325451273532716,0.6347515534410171,alpha1
"('F7', 'F3')",4.652430021724418e-10,-0.5595471175828978,0.5595471175828978,-0.7183554439582298,-0.44040087145205364,alpha1
"('Fp2', 'Fz')",1.3969591753825026e-07,-0.5545428458012924,0.5545428458012924,-0.7317678245249025,-0.43447695160809763,alpha1
"('F7', 'F3')",4.449624710906805e-09,-0.553003563912792,0.553003563912792,-0.6341978842647289,-0.49765906624856204,beta2
"('O1', 'O2')",1.526486221955952e-08,0.5513748957076294,0.5513748957076294,0.4124929612010612,0.6603119606282213,alpha1
"('F7', 'Fz')",7.76650091409889e-09,-0.5498397400162673,0.5498397400162673,-0.64414936180173,-0.4681182864937363,alpha1
"('F7', 'Pz')",3.920381339821783e-08,-0.5464339273030809,0.5464339273030809,-0.661805952073214,-0.43750525821237723,alpha2
"('T3', 'Pz')",3.4957174600416955e-09,-0.5434488179379408,0.5434488179379408,-0.6487316355546897,-0.461952077363054,alpha2
"('T4', 'C4')",2.6514250891395506e-07,-0.5412007482686818,0.5412007482686818,-0.6833708034264498,-0.4558505221475647,beta2
"('Fp2', 'C4')",4.849864224357204e-08,-0.5401507658619972,0.5401507658619972,-0.6274955655715977,-0.4677282162430148,beta1
"('Fp1', 'T3')",5.107143802978754e-07,-0.5393420254433996,0.5393420254433996,-0.6603487816673059,-0.3960293236049498,alpha2
"('O2', 'Pz')",3.408711539763016e-08,0.5381965737871138,0.5381965737871138,0.439894676172694,0.7033604540495948,alpha1
"('F3', 'O2')",2.3570422733839045e-08,-0.5347736278881623,0.5347736278881623,-0.6651951279654653,-0.44799715812056157,alpha2
"('Fp2', 'F3')",5.979836522350684e-08,-0.533010647700582,0.533010647700582,-0.5857430989617206,-0.4848518068238049,beta1
"('Fp2', 'C3')",9.828251512774421e-09,-0.5315161631689571,0.5315161631689571,-0.6480750691399463,-0.3987238397967869,beta1
"('F8', 'Cz')",4.358164625500357e-07,-0.5307250852262672,0.5307250852262672,-0.6357906924329912,-0.4429495525279887,alpha2
"('F3', 'T3')",2.2102274440683634e-08,-0.5284155192964531,0.5284155192964531,-0.6425562328047357,-0.4262721771345567,alpha2
"('F7', 'P4')",1.071227044896946e-06,-0.526940662196757,0.526940662196757,-0.6933774153714568,-0.4123791147459217,alpha2
"('Fp1', 'Cz')",1.2065227850424113e-06,-0.5251663616410343,0.5251663616410343,-0.6311049709815966,-0.4316875574669306,alpha2
"('Fz', 'T6')",2.8319661395845035e-08,-0.5215906603355378,0.5215906603355378,-0.6875507390660262,-0.4642648695453909,alpha2
"('F3', 'C3')",3.2058481176937957e-07,-0.5201952162534078,0.5201952162534078,-0.5750883783517079,-0.48397606207969757,beta1
"('F8', 'O2')",6.177107562242375e-08,-0.5185177572174305,0.5185177572174305,-0.7008992157876006,-0.3201090283851605,alpha2
"('Fp1', 'F8')",8.424284701401948e-09,-0.5184302492581738,0.5184302492581738,-0.7165214220436584,-0.3265380655618722,alpha2
"('Fp1', 'C3')",7.954763135768239e-07,-0.5171025020098637,0.5171025020098637,-0.5715544822700157,-0.462030345917889,alpha1
"('F7', 'T3')",3.93553366729682e-06,-0.5119816689603212,0.5119816689603212,-0.6501954277025941,-0.4016893718849326,beta1
"('Fp1', 'F3')",1.7632754377965346e-06,-0.5053157474902336,0.5053157474902336,-0.5756025196568884,-0.4587336179957937,delta
"('Fp2', 'C3')",1.2045114614897025e-07,-0.5048264507284994,0.5048264507284994,-0.5834807679529856,-0.4440175637021996,alpha1
"('Fp1', 'F3')",6.25400414939467e-08,-0.5038498231116458,0.5038498231116458,-0.5930178895383663,-0.41218406475228087,theta
"('Fp1', 'Fz')",2.025415871291818e-06,-0.502075097490257,0.502075097490257,-0.5809723158870647,-0.4023144464437372,delta
"('F7', 'O1')",1.1945902017397616e-06,-0.4969000169924488,0.4969000169924488,-0.612512870896435,-0.4036037685213566,alpha2
"('F3', 'F4')",3.543655866477864e-07,-0.4931827081998009,0.4931827081998009,-0.6891867600957682,-0.3699236498285679,alpha1
"('Fp2', 'O1')",1.3987074622921617e-07,-0.49173604055429065,0.49173604055429065,-0.5654584959380996,-0.35943762438958154,alpha2
"('F7', 'C3')",1.3555666832044574e-06,-0.49138232989653846,0.49138232989653846,-0.5918746872994414,-0.3777480400334018,alpha2
"('Fz', 'F4')",3.074712442753827e-06,-0.49026192606188107,0.49026192606188107,-0.594873263022953,-0.43761155123582934,beta2
"('F4', 'Cz')",1.6814947644490992e-06,-0.4898364062401269,0.4898364062401269,-0.5587633812003366,-0.37095467801182674,beta1
"('T4', 'C4')",7.039812252143626e-07,-0.4882046183098159,0.4882046183098159,-0.6222397332885151,-0.3589868180277804,alpha2
"('Fp1', 'O1')",2.6888313838132636e-07,-0.4879537543754865,0.4879537543754865,-0.5830508269328554,-0.35792708870005513,alpha2
"('Fp1', 'F7')",4.251918785438295e-06,-0.4878977016557265,0.4878977016557265,-0.5782278205376798,-0.3837255625780306,gamma
"('F4', 'O1')",6.412287069560445e-06,-0.484144979576875,0.484144979576875,-0.5345183934123927,-0.42930350074798923,alpha2
"('F3', 'C4')",9.888868304129921e-07,-0.4832425249614002,0.4832425249614002,-0.5621559115201871,-0.3455873554700253,alpha2
"('O1', 'O2')",1.8060140582970434e-06,0.4799367215330723,0.4799367215330723,0.3573428105640559,0.5855677888046587,delta
"('Fp1', 'Fz')",4.81970142218967e-06,-0.47873135473576234,0.47873135473576234,-0.5876272306802958,-0.4044086100185027,theta
"('F4', 'T4')",6.0237582821934444e-05,-0.4758960535976602,0.4758960535976602,-0.6330141570159573,-0.27212506262655445,alpha2
"('F4', 'T5')",1.1863290481922073e-05,-0.47469561105983316,0.47469561105983316,-0.5667111262204422,-0.37938324588616046,alpha2
"('F4', 'C4')",2.3585302056084943e-05,-0.47399674899115674,0.47399674899115674,-0.5746646965135179,-0.35691875790370003,beta1
"('Fp1', 'F4')",2.4827074597453663e-05,-0.4734371521802311,0.4734371521802311,-0.603682963379444,-0.3418786462445779,theta
"('Fz', 'Cz')",3.566821220187398e-05,-0.4728897074246413,0.4728897074246413,-0.5909850433962931,-0.38654879005151577,beta1
"('Fp1', 'C3')",2.2111861282188074e-06,-0.47183872519558684,0.47183872519558684,-0.581778028646514,-0.36032987814780504,delta
"('T6', 'Pz')",5.000705734399406e-07,0.4715700118391191,0.4715700118391191,0.3812349259219547,0.523439338499358,alpha1
"('O2', 'Cz')",0.00013721260581789948,0.470190787776925,0.470190787776925,0.3680495658394557,0.5891437634649654,beta2
"('C3', 'Pz')",3.133898320458594e-06,-0.4700363684356059,0.4700363684356059,-0.5974870145490164,-0.36773496843616327,alpha2
"('Fz', 'O2')",4.385032050481297e-06,-0.4699546089218911,0.4699546089218911,-0.6233274494507691,-0.30602722751047273,alpha2
"('O2', 'Cz')",2.072023747592548e-05,0.46883545705710805,0.46883545705710805,0.29213390299340236,0.634628677574357,alpha1
"('T6', 'O2')",1.5692609473543514e-05,-0.4682023642468878,0.4682023642468878,-0.5818044217998097,-0.38299588529846856,beta2
"('Fp1', 'Fp2')",7.4844011823139e-06,-0.46789792632103566,0.46789792632103566,-0.5052662614076009,-0.40838123503073565,beta2
"('F7', 'C4')",3.967289696308003e-05,-0.4677332874472869,0.4677332874472869,-0.5720450517407483,-0.36291422255769584,alpha2
"('F4', 'T4')",1.1617029439809393e-05,-0.4658214118554492,0.4658214118554492,-0.6264615754041063,-0.33135770647682683,beta2
"('Fp1', 'C3')",7.665080383462982e-05,-0.4644839819217449,0.4644839819217449,-0.5030838536417402,-0.3818338460607842,beta2
"('O2', 'Pz')",1.249272824331135e-05,0.46355330395401156,0.46355330395401156,0.3957199174621316,0.5830682391915367,delta
"('F8', 'T4')",2.7906200010615315e-06,-0.46231867139956284,0.46231867139956284,-0.5734943729288168,-0.3530698132089144,beta2
"('F4', 'T4')",8.055765844848508e-06,-0.4620595771143782,0.4620595771143782,-0.5788521959513402,-0.38078122311469553,beta1
"('T5', 'O1')",1.2126665195064237e-05,-0.4614886661872789,0.4614886661872789,-0.563302836796836,-0.39149387232296257,beta2
"('T4', 'P4')",7.395878450210312e-06,-0.4564375788778284,0.4564375788778284,-0.5744457255140122,-0.33755441763813615,beta2
"('F7', 'Fz')",5.966395658606411e-05,-0.4555838687004889,0.4555838687004889,-0.5704028852455144,-0.3897299043327875,beta1
"('T4', 'Cz')",2.80772319230552e-05,-0.4551437334318023,0.4551437334318023,-0.5984094181039304,-0.3162387299972337,alpha2
"('Fp1', 'Cz')",1.393506971021783e-05,-0.454417385379798,0.454417385379798,-0.5666950058335655,-0.37662942272504285,alpha1
"('F4', 'Cz')",0.0013264936687831606,-0.4516825210993927,0.4516825210993927,-0.5531848761456932,-0.37908492419069006,alpha1
"('Fp2', 'F8')",1.715376628274388e-05,-0.45134135837287326,0.45134135837287326,-0.5798310324084416,-0.3385251111301091,beta2
"('T3', 'T6')",3.939248486236305e-06,-0.44888719623535717,0.44888719623535717,-0.5863390233083116,-0.320940570350798,alpha2
"('F7', 'F4')",9.546779392376228e-05,-0.44887300887102244,0.44887300887102244,-0.5794315965836967,-0.33595097126476214,alpha1
"('Fp2', 'T5')",4.534604384806775e-05,-0.44878637706151603,0.44878637706151603,-0.6087698324731012,-0.3439524400284276,alpha2
"('Fp2', 'Cz')",1.639428193550131e-05,-0.448082157255854,0.448082157255854,-0.5739728377182888,-0.3491669987540753,alpha2
"('F3', 'T3')",0.00021844688688267325,-0.44561179814131374,0.44561179814131374,-0.5955306318204951,-0.2760338714308887,beta2
"('F7', 'Cz')",1.750329707682662e-05,-0.4442999807454117,0.4442999807454117,-0.5528737353135168,-0.33938918127396106,alpha1
"('Fp1', 'Cz')",4.2023656961923305e-05,-0.4423612142935333,0.4423612142935333,-0.47716683184271375,-0.39567158359961063,beta2
"('Fp1', 'C3')",2.502086011659732e-05,-0.4415311315500853,0.4415311315500853,-0.485687026436277,-0.34107322995022343,theta
"('F3', 'C3')",0.00010568297371387899,-0.4411837829229789,0.4411837829229789,-0.5146036450369902,-0.3648018762249047,alpha2
"('Fp2', 'F7')",0.00018665948611419064,-0.44075997577816306,0.44075997577816306,-0.5994903999450858,-0.32985016013813084,alpha1
"('F3', 'C3')",2.36358677052683e-05,-0.439578628052682,0.439578628052682,-0.5179756966147937,-0.3467611294911561,beta2
"('F3', 'F4')",3.3758650193075545e-05,-0.435978063254017,0.435978063254017,-0.49578673923615374,-0.36729658007470833,beta1
"('Fz', 'Cz')",1.611250133499585e-05,-0.43502255611005475,0.43502255611005475,-0.4884863826840822,-0.3057792076934326,alpha2
"('Fp1', 'C3')",0.00011458332012675906,-0.43360411921382547,0.43360411921382547,-0.5725477230023288,-0.33805008743860354,alpha2
"('F7', 'T3')",0.00010485287075336983,-0.4330291187886628,0.4330291187886628,-0.5082741926288776,-0.35684672169434817,beta2
"('T6', 'C4')",2.5556082846533342e-05,0.43297418559032613,0.43297418559032613,0.3481247200621861,0.5567426031279745,alpha1
"('F3', 'T3')",2.336733296910537e-05,-0.4298442472755906,0.4298442472755906,-0.4805253347751177,-0.35504025292268326,beta1
"('F7', 'F3')",8.354471912811849e-05,-0.4298161344052904,0.4298161344052904,-0.4797082029018329,-0.32416893663661445,theta
"('Fz', 'T4')",6.447513717670184e-05,-0.42751750517982,0.42751750517982,-0.528487468581068,-0.35918090434612304,alpha2
"('T4', 'C4')",9.2404981867602e-06,-0.4274965052979887,0.4274965052979887,-0.5936998075471369,-0.32574367857602393,beta1
"('Fz', 'C3')",7.108238036558992e-05,-0.42621473738096566,0.42621473738096566,-0.5440184884733681,-0.3137347218679949,alpha2
"('F8', 'C3')",0.00015584520703051602,0.42516099999604673,0.42516099999604673,0.3388633464218024,0.4995962405094389,gamma
"('O2', 'C3')",0.00011183897921025575,0.4250270572094312,0.4250270572094312,0.3077307431945275,0.49220558454789615,beta2
"('Fp1', 'T3')",0.0014950724047842257,-0.42337360776570226,0.42337360776570226,-0.5507039680665987,-0.21993452956313597,delta
"('F4', 'T3')",2.7893490640866323e-05,-0.4225154320088752,0.4225154320088752,-0.5194398650801257,-0.2779988125118946,alpha2
"('Fz', 'F8')",0.00029330145603619746,-0.41932561530194984,0.41932561530194984,-0.5495517831508752,-0.31575899351889586,beta1
"('F4', 'F8')",2.833395657824129e-05,-0.41843990918158014,0.41843990918158014,-0.5469849208655022,-0.3186250633450131,alpha1
"('F3', 'Cz')",0.0011882971717590103,-0.4181329896363633,0.4181329896363633,-0.5650058453184933,-0.3227344730622754,alpha1
"('Fz', 'F8')",0.00016073317087716944,-0.4162460517803912,0.4162460517803912,-0.5627446255478078,-0.27456590572183714,alpha1
"('F4', 'F8')",0.0001518454719322254,-0.4156876303900162,0.4156876303900162,-0.4814514900728224,-0.3243157926122535,gamma
"('F3', 'Fz')",0.00017794130902710025,-0.41559982623555775,0.41559982623555775,-0.49931099751093444,-0.3419170311649693,beta2
"('F4', 'T4')",0.00024144073457406,-0.4154737275277112,0.4154737275277112,-0.608729711146335,-0.3024799247900507,gamma
"('F7', 'C3')",6.722672137215629e-05,-0.41500757284991907,0.41500757284991907,-0.5389966901784508,-0.3344140716246328,beta1
"('F4', 'C3')",7.49176704670704e-05,-0.41326737424544746,0.41326737424544746,-0.5145491823431684,-0.26511582685920554,beta1
"('F3', 'C3')",0.00012031051449034793,-0.41146906938030536,0.41146906938030536,-0.49354169178405444,-0.35467956189350824,delta
"('Fp1', 'F3')",0.0004146100993396265,-0.41032552407618705,0.41032552407618705,-0.5448307536184206,-0.258570718136063,gamma
"('Fp1', 'T5')",0.004288093834662394,-0.40976443018659675,0.40976443018659675,-0.5376905401450511,-0.31314580986747853,alpha2
"('O2', 'C4')",0.0008931072833162205,0.4078193603495149,0.4078193603495149,0.3113869586342472,0.5237038084034179,alpha1
"('Fp2', 'F3')",0.00042165350094984435,-0.407544045372006,0.407544045372006,-0.5519178743440212,-0.22975313735799274,theta
"('F7', 'T3')",0.00043141050964722526,-0.4073709659386461,0.4073709659386461,-0.5159554534868288,-0.27831310823042843,alpha2
"('F3', 'Cz')",0.00045260730931858854,-0.40698933906759727,0.40698933906759727,-0.5579519864623701,-0.2838919168385638,beta2
"('Fp2', 'C3')",0.0035285327771844258,-0.4069545277964456,0.4069545277964456,-0.5192205683343252,-0.24172906449329595,theta
"('O2', 'P3')",0.0001969151444740897,0.4057197491464324,0.4057197491464324,0.32040252919555084,0.518923235357556,delta
"('F8', 'T4')",0.0009942784733868524,-0.40558534003947244,0.40558534003947244,-0.49303209175089613,-0.32833774627538714,beta1
"('O2', 'P3')",0.00037751012844486413,0.4049649506235465,0.4049649506235465,0.3111369967440286,0.4856248624075059,beta2
"('F7', 'Fz')",0.0006269643805881988,-0.40495480040699583,0.40495480040699583,-0.48296563903152157,-0.3487979537699395,theta
"('F4', 'Cz')",0.0037759374153730403,-0.4044090460552604,0.4044090460552604,-0.5748229536509246,-0.22793569057894392,beta2
"('Fp2', 'F4')",0.00026313736012963275,-0.40416346648520174,0.40416346648520174,-0.5336796303371039,-0.3320957356111608,delta
"('Fp1', 'F4')",9.047078802497225e-06,-0.4032457954423392,0.4032457954423392,-0.4945547296140151,-0.3098904158299013,beta2
"('T5', 'O2')",2.2810114875365226e-05,0.40315924542100434,0.40315924542100434,0.3373576626167763,0.5015646592822314,alpha1
"('O1', 'O2')",0.00027350177569705194,0.4026825343669308,0.4026825343669308,0.24638372062895303,0.5582636407773298,theta
"('Fp2', 'F4')",0.0008140219609213015,-0.40045369139722453,0.40045369139722453,-0.5132034354007149,-0.27234688444698985,theta
"('O1', 'O2')",0.0001488378194944495,0.40012895705607454,0.40012895705607454,0.30860536848260256,0.4757262344581623,beta2
"('T4', 'C4')",0.0003009478260118096,-0.3991466543726186,0.3991466543726186,-0.49716073536457894,-0.3002699209930044,alpha1
"('O2', 'C3')",0.001756606719334861,0.3988983556889423,0.3988983556889423,0.26976102920674977,0.5388200251860655,alpha1
"('T6', 'P3')",0.0006500968304809544,0.39841701055100465,0.39841701055100465,0.2735394339542351,0.5464097552445532,alpha1
"('Fp2', 'C3')",0.0001318678004152689,-0.3978572728636656,0.3978572728636656,-0.531510203725551,-0.3161399564407011,delta
"('Fp1', 'C4')",0.00027284573821440136,-0.3976789173465692,0.3976789173465692,-0.49792658337854406,-0.27118783256893675,beta1
"('Fp1', 'C4')",0.0006299847049422633,-0.39652641109873177,0.39652641109873177,-0.516331594220788,-0.31122248378548883,theta
"('Fp2', 'T4')",0.003148154049298131,-0.3957352758468676,0.3957352758468676,-0.4930448644377092,-0.29855295710090574,delta
"('T5', 'O1')",0.0003822232485775438,-0.39451130064361317,0.39451130064361317,-0.463571787649656,-0.2972812172345295,gamma
"('F7', 'C3')",0.00010358101244052773,-0.3924151815067657,0.3924151815067657,-0.4629678746578713,-0.32922273891297066,alpha1
"('F7', 'T6')",0.0013686160958629868,-0.3921820498701794,0.3921820498701794,-0.5378489170025472,-0.2698774516519347,beta1
"('Fp1', 'T3')",0.0001798449958434198,-0.3919323953882526,0.3919323953882526,-0.6079364689971489,-0.24529197393709135,theta
"('F3', 'F8')",0.00023324831972712588,-0.3914515552273196,0.3914515552273196,-0.4824468704884978,-0.2720711487619762,alpha1
"('Fz', 'T4')",0.017220510244546808,-0.3902527387963372,0.3902527387963372,-0.5583094018204064,-0.291857546190214,beta1
"('T4', 'C4')",0.0010304637730469152,-0.38882814836339785,0.38882814836339785,-0.44521197024473125,-0.32683710442302555,theta
"('Fp1', 'T3')",0.0002211143174479076,-0.38816782120486076,0.38816782120486076,-0.4966341808610829,-0.3028421471001873,alpha1
"('Fp2', 'C4')",0.004260044460243495,-0.3880958231359883,0.3880958231359883,-0.4881817573381756,-0.25060557563768604,beta2
"('T3', 'T5')",0.009250248500441373,-0.38718528181310324,0.38718528181310324,-0.5221896201286506,-0.29869338022219794,beta2
"('F4', 'C4')",0.0005499532668825984,-0.3866437112529185,0.3866437112529185,-0.4934609106345197,-0.3001893224468381,alpha2
"('Fp2', 'Cz')",0.0007986937751607235,-0.3865531256058624,0.3865531256058624,-0.47223941303954026,-0.3057267157132236,alpha1
"('T3', 'P3')",0.001292593107068365,-0.38621451868408313,0.38621451868408313,-0.5263016728915472,-0.27516101329555553,alpha2
"('F4', 'O2')",0.0005906286446527453,-0.38062517904897125,0.38062517904897125,-0.5183360819429934,-0.22912167254062332,alpha2
"('Fp1', 'F7')",0.004389652116360164,-0.37832204160734617,0.37832204160734617,-0.44779392257171635,-0.27122670308324653,theta
"('T6', 'O1')",0.002967380022858567,0.37790665153802594,0.37790665153802594,0.290723673270178,0.44155592072734673,alpha1
"('T6', 'O2')",0.0031576448663345044,-0.3775404815249507,0.3775404815249507,-0.4527689697974884,-0.1889982921304889,beta1
"('Fp2', 'F3')",0.0015723149911757305,-0.3764120049720314,0.3764120049720314,-0.4677879391633529,-0.27811047086477514,beta2
"('Fz', 'F4')",0.001858091805609487,-0.37601955498330186,0.37601955498330186,-0.4544225476570092,-0.2739993360870013,theta
"('Fz', 'C3')",0.001140475063657079,-0.37504444310220325,0.37504444310220325,-0.5027440373132268,-0.26868987043171866,beta1
"('C3', 'Cz')",0.0009358161682074364,-0.3732693156468558,0.3732693156468558,-0.4885350773133627,-0.2852768928315688,beta1
"('F3', 'C4')",0.015062619301227646,-0.3727340174206278,0.3727340174206278,-0.5288962834007692,-0.25121351858411184,beta1
"('F3', 'Pz')",0.021443962694537345,-0.3717028630056346,0.3717028630056346,-0.5067893451142333,-0.25558663187355635,beta1
"('F7', 'T3')",0.0016735767130297815,-0.3710336526881345,0.3710336526881345,-0.4926810139842121,-0.27046327284535154,delta
"('Fz', 'C4')",0.00096314005115612,-0.3707651211876194,0.3707651211876194,-0.4690019011880673,-0.26512303129646636,alpha2
"('Fp1', 'F4')",0.005587854465020256,-0.37039487638239094,0.37039487638239094,-0.43721955658258094,-0.28931208982446976,delta
"('Fp2', 'Cz')",0.0012359604010615825,-0.3703431393139145,0.3703431393139145,-0.5233110743042796,-0.2793513876368887,beta2
"('T3', 'O2')",0.0025276776900654994,-0.3697058600792558,0.3697058600792558,-0.5039183351063965,-0.21288598383467527,alpha2
"('O1', 'C4')",0.0007625131284114827,0.369540703152641,0.369540703152641,0.28097984536896853,0.5096157402134641,alpha1
"('F8', 'Pz')",0.00196886744985194,-0.3688421238182865,0.3688421238182865,-0.48698059252254317,-0.22054391290578534,alpha2
"('T3', 'C3')",0.0033481878833649084,-0.3669063765962914,0.3669063765962914,-0.41870982844349935,-0.24223676920065373,beta2
"('Fz', 'O1')",0.0068469957006774005,-0.36571421675875365,0.36571421675875365,-0.4462342606057599,-0.23217123378552773,alpha2
"('Fp2', 'C4')",0.003952114319363519,-0.36556734431464505,0.36556734431464505,-0.42565434715690215,-0.28157671652779653,delta
"('F4', 'C4')",0.0033237829047432993,-0.3649998219263339,0.3649998219263339,-0.46637528476624396,-0.22152876891235404,beta2
"('F7', 'F3')",0.0017813361150959537,-0.3645481876622469,0.3645481876622469,-0.4482128009074599,-0.282502768236828,gamma
"('Fp2', 'Fz')",0.0016279111028073296,-0.3624605071878032,0.3624605071878032,-0.6033392271617635,-0.18359362679066302,theta
"('F4', 'Pz')",0.0007306168188385011,-0.36223933194765373,0.36223933194765373,-0.4955359502972479,-0.20244257041245198,alpha2
"('T4', 'P4')",0.004873889230178974,-0.36217280653878275,0.36217280653878275,-0.5685198207898388,-0.24825015801203698,beta1
"('Fp2', 'Fz')",0.02119161631397069,-0.36195688456536573,0.36195688456536573,-0.45112998502443885,-0.2797933139286283,delta
"('Fp2', 'Cz')",0.0028428062685743757,-0.36102625254078136,0.36102625254078136,-0.501859255520579,-0.21613321672933056,delta
"('P3', 'Pz')",5.7341894936258535e-05,-0.3606572831527968,0.3606572831527968,-0.5098108207576724,-0.2127116250432052,alpha2
"('T4', 'T6')",0.020888113655471274,-0.3594232277036183,0.3594232277036183,-0.5013761216167342,-0.2286579205767892,gamma
"('T3', 'P3')",0.0042586759198124545,-0.3593044246851217,0.3593044246851217,-0.41169581483406575,-0.2656908517955814,beta1
"('T5', 'T6')",0.018740060166393544,-0.3579075944803165,0.3579075944803165,-0.571280519291493,-0.2217784141917998,alpha2
"('Fp2', 'F8')",0.012328746326891817,-0.35756778560512487,0.35756778560512487,-0.4870901846019812,-0.15856116037212192,alpha1
"('Fp1', 'Cz')",0.006693277604675487,-0.3575313257883354,0.3575313257883354,-0.4351776162916923,-0.2749894034391781,delta
"('F7', 'Cz')",0.003326884095503231,-0.3563311430126435,0.3563311430126435,-0.4723404632942764,-0.20411386474229867,beta1
"('T5', 'P3')",0.003282346203830542,-0.35541199458196043,0.35541199458196043,-0.4458414391726922,-0.2750459632259616,gamma
"('T4', 'Cz')",0.024347074675991207,-0.35337120448524434,0.35337120448524434,-0.5556942396965439,-0.23740147835841885,beta2
"('O1', 'Cz')",0.0002926248762021203,0.35167592664982916,0.35167592664982916,0.24611354601970592,0.4396447166952285,alpha1
"('T3', 'P3')",0.0014261566345569697,-0.3513167836108388,0.3513167836108388,-0.48775872636579365,-0.2581066786303797,beta2
"('Fp2', 'F8')",0.00045991480139531856,-0.3502674991731996,0.3502674991731996,-0.4939517352522013,-0.2889689905318692,beta1
"('F3', 'Fz')",0.0004224512732935068,-0.35012549847907637,0.35012549847907637,-0.47268276716736385,-0.20430477734690006,theta
"('F7', 'F3')",0.01708678099088429,-0.35006847167186145,0.35006847167186145,-0.4644668613219551,-0.28570413328860905,delta
"('F7', 'C4')",0.026635098855039903,0.349487023136995,0.349487023136995,0.2656222341016489,0.44884513539244836,gamma
"('T6', 'P4')",0.016094599719921544,-0.3470767873089524,0.3470767873089524,-0.4468149328149247,-0.2848159255035894,gamma
"('Fp1', 'C4')",0.004830336801443855,-0.3466238816640617,0.3466238816640617,-0.45660464381899757,-0.22387330764834013,alpha1
"('O1', 'O2')",0.02033023845660073,0.3453230482876447,0.3453230482876447,0.27499897713932353,0.49624766356395317,beta1
"('O2', 'Pz')",0.0420544852089905,0.3452727000992467,0.3452727000992467,0.2665634639825032,0.42612107081865136,beta2
"('Fp2', 'C3')",0.012164411412475132,-0.34249462041982703,0.34249462041982703,-0.4674697896403962,-0.2793019049827613,alpha2
"('F8', 'Cz')",0.016113071831616484,-0.3404345378822302,0.3404345378822302,-0.4442090201237875,-0.2258211274792884,beta1
"('O1', 'P3')",0.019532567293286784,-0.34031688582470104,0.34031688582470104,-0.43742057780654137,-0.26488619599694513,gamma
"('Fp1', 'Cz')",0.025984853038107353,-0.3400240823768789,0.3400240823768789,-0.430967202724963,-0.2514848972683741,theta
"('Fp2', 'T4')",0.020731644285815427,-0.3386484417733516,0.3386484417733516,-0.410847204888911,-0.2439409662382903,alpha1
"('T3', 'C4')",0.004223661707000129,-0.33744420424296656,0.33744420424296656,-0.5133276704654695,-0.2073576667922321,alpha2
"('F4', 'C4')",0.0180196919754797,-0.3364950018265541,0.3364950018265541,-0.419910792100103,-0.2557724732971543,alpha1
"('T3', 'C3')",0.01190454426886506,-0.3349680872508823,0.3349680872508823,-0.42720941158073844,-0.25339355267345554,beta1
"('C3', 'Pz')",0.0362218066556145,-0.33409196277924263,0.33409196277924263,-0.4253377364845793,-0.24866711688277376,beta1
"('Fp2', 'O1')",0.027263257385656714,0.33376083151092056,0.33376083151092056,0.16185603168560786,0.474165839159177,gamma
"('T6', 'Cz')",0.02460250886389972,0.3330636377501963,0.3330636377501963,0.2626978725287599,0.4092569246128646,alpha1
"('O1', 'C4')",0.03148026842687796,0.32981478611575965,0.32981478611575965,0.2442219494131845,0.40924161404469744,beta2
"('T4', 'O2')",0.04564710635247949,-0.32967031284158926,0.32967031284158926,-0.4543603996611091,-0.2254669560262095,gamma
"('Fz', 'C4')",0.0029087083005653173,-0.3288910685294545,0.3288910685294545,-0.40941339837271834,-0.20370836155931682,beta1
"('F3', 'T3')",0.017149095715492235,-0.3256047581638463,0.3256047581638463,-0.5004242108256796,-0.20045738854234307,delta
"('T4', 'O2')",0.017084859076113724,-0.3255379748937773,0.3255379748937773,-0.4344079220698721,-0.23613043437041553,beta2
"('F8', 'Cz')",0.00775160936635749,-0.3240948653409815,0.3240948653409815,-0.38115920944041104,-0.17177401505781387,alpha1
"('F8', 'C4')",0.04417649531124603,-0.3236244910880265,0.3236244910880265,-0.3899312374630921,-0.23041626592750972,beta2
"('F4', 'C3')",0.012094651983531254,-0.3227613891093062,0.3227613891093062,-0.43566794742773907,-0.20730752772527442,alpha1
"('T3', 'P4')",0.02334068696030083,-0.32262022372450744,0.32262022372450744,-0.43455282476981605,-0.1760034932135187,alpha2
"('F8', 'P3')",0.039070929452025345,-0.32172786172447704,0.32172786172447704,-0.44909858551417364,-0.16521764866965444,alpha2
"('O1', 'P4')",0.01832555229437389,0.32058578169838736,0.32058578169838736,0.23471117939045213,0.4309192728803145,alpha1
"('Fp1', 'T3')",0.02650625544400685,-0.31983996847255103,0.31983996847255103,-0.40307189661558235,-0.19910994589310865,beta1
"('Fp2', 'C4')",0.003133446951238986,-0.3188691753825184,0.3188691753825184,-0.40967048958537966,-0.22040123468915201,theta
"('Fp2', 'C4')",0.004927784906225167,-0.3187055952238096,0.3187055952238096,-0.4339986266845614,-0.15988247824966195,alpha1
"('F3', 'C3')",0.04461034263542912,-0.31621881329068613,0.31621881329068613,-0.3995772387396043,-0.18124732398024948,alpha1
"('F3', 'C4')",0.0398279840517383,-0.3159038158469309,0.3159038158469309,-0.4463641990970463,-0.19958760113550558,theta
"('O2', 'Cz')",0.035153260842147364,0.3157150088352131,0.3157150088352131,0.242745245663043,0.45741984425873433,beta1
"('T4', 'Cz')",0.007497657120230556,-0.3127060192838913,0.3127060192838913,-0.3806755674985674,-0.24774606086975315,beta1
"('F3', 'Pz')",0.04452554471041762,-0.30723444846916403,0.30723444846916403,-0.4449262779034876,-0.1794927605123553,alpha2
"('Fz', 'T3')",0.0451709724196804,-0.3036445832804703,0.3036445832804703,-0.43878034637853713,-0.1607593990510795,delta
"('Fp1', 'Fp2')",0.03505581329956207,-0.2854191509824804,0.2854191509824804,-0.397978922165027,-0.10613930575704919,beta1
"('O1', 'Cz')",0.037469153678974174,0.2849524307693335,0.2849524307693335,0.15536137900704727,0.4111593056055363,beta2
"('F8', 'P3')",0.03350921999309225,0.2822866746936677,0.2822866746936677,0.1364266277145733,0.43698109162777243,gamma
"('T4', 'T6')",0.019835664229185108,-0.28178460249340687,0.28178460249340687,-0.3891975253710258,-0.18341821935207558,beta2
