,sign_holm_bonferroni,sign_sidak,sign_bonferroni,sign_lsu,sign_eff_0.05,sign_eff_0.1,sign_eff_0.15,chan_pair,band
0,0.0,0.0,0.0,0.1,0.1,0.05,0.0,Cz/P4,delta
1,0.0,0.0,0.0,0.0,0.0,0.0,0.0,C4/Pz,delta
2,0.0,0.0,0.0,0.075,0.075,0.0,0.0,Fp1/T6,delta
3,0.0,0.0,0.0,0.0,0.0,0.0,0.0,C3/Pz,delta
4,0.0,0.0,0.0,0.825,0.85,0.6,0.45,Fp2/Fz,delta
5,0.0,0.0,0.0,0.0,0.0,0.0,0.0,F3/T6,delta
6,0.0,0.0,0.0,0.675,0.675,0.375,0.1,Fz/T4,delta
7,0.0,0.0,0.0,0.375,0.35,0.15,0.075,F7/P3,delta
8,0.0,0.0,0.0,0.675,0.675,0.525,0.3,Fp2/F3,delta
9,0.0,0.0,0.0,0.425,0.4,0.125,0.05,Pz/P4,delta
10,0.0,0.0,0.0,0.15,0.15,0.075,0.0,C4/P3,delta
11,0.0,0.0,0.0,1.0,1.0,0.875,0.575,Fp1/F4,delta
12,0.0,0.0,0.0,0.0,0.0,0.0,0.0,T5/Pz,delta
13,0.0,0.0,0.0,0.0,0.0,0.0,0.0,T4/O2,delta
14,0.0,0.0,0.0,0.1,0.1,0.025,0.0,T6/O2,delta
15,0.0,0.0,0.0,0.15,0.125,0.05,0.0,F4/F8,delta
16,0.0,0.0,0.0,0.0,0.0,0.0,0.0,F8/P4,delta
17,0.0,0.0,0.0,0.0,0.05,0.0,0.0,C4/P4,delta
18,0.0,0.0,0.0,0.825,0.875,0.625,0.35,F4/T4,delta
19,0.0,0.0,0.0,0.0,0.0,0.0,0.0,F3/O1,delta
20,0.0,0.0,0.0,0.175,0.2,0.1,0.0,Fz/Cz,delta
21,0.0,0.0,0.0,0.1,0.1,0.05,0.025,C3/T4,delta
22,0.0,0.0,0.0,0.075,0.075,0.025,0.0,Fp1/Pz,delta
23,0.1,0.05,0.05,0.925,0.95,0.8,0.55,Fp2/T4,delta
24,0.0,0.0,0.0,0.0,0.0,0.0,0.0,F7/C4,delta
25,0.3,0.25,0.25,1.0,1.0,0.975,0.875,Fp2/C3,delta
26,0.0,0.0,0.0,0.0,0.0,0.0,0.0,F4/O2,delta
27,0.0,0.0,0.0,0.05,0.05,0.025,0.0,T4/T5,delta
28,0.0,0.0,0.0,0.825,0.8,0.5,0.3,F3/Pz,delta
29,0.0,0.0,0.0,0.325,0.35,0.25,0.125,C3/O2,delta
30,0.0,0.0,0.0,0.1,0.1,0.0,0.0,Fp1/O2,delta
31,0.0,0.0,0.0,0.075,0.1,0.05,0.025,Fp2/T3,delta
32,0.0,0.0,0.0,0.025,0.025,0.0,0.0,C3/T5,delta
33,0.0,0.0,0.0,0.725,0.725,0.525,0.375,C4/T4,delta
34,0.325,0.3,0.3,0.95,0.95,0.875,0.8,P3/O2,delta
35,0.0,0.0,0.0,0.4,0.4,0.275,0.125,T3/Pz,delta
36,0.0,0.0,0.0,0.0,0.0,0.0,0.0,P4/T6,delta
37,0.0,0.0,0.0,0.025,0.025,0.025,0.025,T4/O1,delta
38,0.0,0.0,0.0,0.0,0.0,0.0,0.0,Fz/T6,delta
39,0.0,0.0,0.0,0.0,0.0,0.0,0.0,P4/O2,delta
40,0.0,0.0,0.0,0.0,0.0,0.0,0.0,F4/P3,delta
41,0.0,0.0,0.0,0.075,0.05,0.05,0.025,F7/Pz,delta
42,0.0,0.0,0.0,0.55,0.55,0.4,0.25,Cz/O2,delta
43,0.0,0.0,0.0,0.025,0.025,0.0,0.0,Fp1/T4,delta
44,0.025,0.025,0.025,0.575,0.575,0.325,0.225,F7/T5,delta
45,0.0,0.0,0.0,0.0,0.0,0.0,0.0,Fp1/P4,delta
46,0.0,0.0,0.0,0.175,0.125,0.025,0.025,T3/T5,delta
47,0.55,0.525,0.525,1.0,1.0,1.0,1.0,Fp1/C3,delta
48,0.0,0.0,0.0,0.0,0.0,0.0,0.0,T3/T4,delta
49,0.0,0.0,0.0,0.0,0.0,0.0,0.0,F8/T6,delta
50,0.1,0.1,0.1,0.775,0.75,0.65,0.375,Fz/T3,delta
51,0.0,0.0,0.0,0.1,0.125,0.075,0.0,Fz/C4,delta
52,0.0,0.0,0.0,0.025,0.025,0.0,0.0,F7/T4,delta
53,0.0,0.0,0.0,0.025,0.025,0.025,0.0,P3/Pz,delta
54,0.0,0.0,0.0,0.0,0.025,0.0,0.0,F8/O1,delta
55,0.0,0.0,0.0,0.075,0.125,0.0,0.0,T5/O1,delta
56,0.0,0.0,0.0,0.3,0.325,0.125,0.025,Cz/T6,delta
57,0.0,0.0,0.0,0.125,0.125,0.075,0.0,F7/Cz,delta
58,0.0,0.0,0.0,0.0,0.0,0.0,0.0,Fp2/O1,delta
59,0.0,0.0,0.0,0.0,0.0,0.0,0.0,T5/P3,delta
60,0.0,0.0,0.0,0.0,0.0,0.0,0.0,F4/T6,delta
61,0.25,0.25,0.25,1.0,1.0,0.9,0.8,Fp2/F4,delta
62,0.05,0.05,0.05,0.65,0.575,0.375,0.2,F7/C3,delta
63,0.075,0.075,0.075,0.825,0.8,0.6,0.3,Fp1/C4,delta
64,0.0,0.0,0.0,0.1,0.1,0.025,0.0,Fz/Pz,delta
65,0.0,0.0,0.0,0.275,0.275,0.05,0.0,C4/T6,delta
66,0.0,0.0,0.0,0.475,0.475,0.375,0.1,P3/T6,delta
67,0.0,0.0,0.0,0.0,0.0,0.0,0.0,F7/O2,delta
68,0.0,0.0,0.0,0.775,0.875,0.625,0.275,F4/C3,delta
69,0.0,0.0,0.0,0.0,0.0,0.0,0.0,F8/T5,delta
70,0.0,0.0,0.0,0.0,0.0,0.0,0.0,Fp2/F8,delta
71,0.05,0.05,0.05,0.525,0.55,0.325,0.125,T3/C3,delta
72,0.0,0.0,0.0,0.025,0.0,0.0,0.0,Fp1/O1,delta
73,0.0,0.0,0.0,0.275,0.45,0.1,0.025,F3/C4,delta
74,0.0,0.0,0.0,0.05,0.05,0.025,0.025,T3/C4,delta
75,0.0,0.0,0.0,0.0,0.0,0.0,0.0,Fz/P3,delta
76,0.0,0.0,0.0,0.5,0.55,0.3,0.125,Fp1/F8,delta
77,0.175,0.175,0.175,1.0,0.975,0.825,0.525,Fp2/Cz,delta
78,0.0,0.0,0.0,0.0,0.0,0.0,0.0,Fz/O1,delta
79,0.0,0.0,0.0,0.0,0.0,0.0,0.0,F3/P4,delta
80,0.0,0.0,0.0,0.0,0.0,0.0,0.0,C4/T5,delta
81,0.0,0.0,0.0,0.925,0.975,0.85,0.5,F3/Cz,delta
82,0.0,0.0,0.0,0.0,0.0,0.0,0.0,T3/T6,delta
83,0.0,0.0,0.0,0.0,0.0,0.0,0.0,C3/C4,delta
84,0.0,0.0,0.0,0.0,0.0,0.0,0.0,F3/T4,delta
85,0.3,0.25,0.25,0.95,0.95,0.775,0.55,Fp1/T3,delta
86,0.0,0.0,0.0,0.0,0.0,0.0,0.0,F8/C3,delta
87,0.0,0.0,0.0,0.0,0.0,0.0,0.0,Cz/C4,delta
88,0.0,0.0,0.0,0.15,0.15,0.05,0.0,Cz/P3,delta
89,0.0,0.0,0.0,0.0,0.0,0.0,0.0,T4/T6,delta
90,0.0,0.0,0.0,0.0,0.0,0.0,0.0,F3/O2,delta
91,0.0,0.0,0.0,0.4,0.4,0.175,0.125,F7/F8,delta
92,0.05,0.025,0.025,0.925,0.95,0.75,0.45,F7/F3,delta
93,0.0,0.0,0.0,0.05,0.05,0.0,0.0,F8/Pz,delta
94,0.0,0.0,0.0,0.0,0.0,0.0,0.0,F4/T5,delta
95,0.175,0.175,0.175,0.875,0.875,0.725,0.425,Fp1/Cz,delta
96,0.0,0.0,0.0,0.05,0.05,0.025,0.025,T5/O2,delta
97,0.0,0.0,0.0,0.0,0.0,0.0,0.0,F4/O1,delta
98,0.0,0.0,0.0,0.0,0.0,0.0,0.0,F8/O2,delta
99,0.025,0.025,0.025,0.525,0.575,0.275,0.175,T3/Cz,delta
100,0.0,0.0,0.0,0.0,0.0,0.0,0.0,F8/T3,delta
101,0.0,0.0,0.0,0.775,0.85,0.625,0.325,Fz/C3,delta
102,0.2,0.2,0.2,0.825,0.775,0.575,0.425,F3/T3,delta
103,0.0,0.0,0.0,0.0,0.0,0.0,0.0,C3/O1,delta
104,0.0,0.0,0.0,0.025,0.025,0.025,0.0,Fp2/T6,delta
105,0.525,0.525,0.525,1.0,1.0,1.0,0.925,Pz/O2,delta
106,0.0,0.0,0.0,0.025,0.025,0.0,0.0,T5/P4,delta
107,0.0,0.0,0.0,0.0,0.0,0.0,0.0,Cz/T5,delta
108,0.0,0.0,0.0,0.0,0.025,0.0,0.0,C3/P3,delta
109,0.0,0.0,0.0,0.0,0.0,0.0,0.0,Fz/F8,delta
110,0.0,0.0,0.0,0.075,0.075,0.025,0.0,Cz/O1,delta
111,0.0,0.0,0.0,0.0,0.0,0.0,0.0,C4/O1,delta
112,0.0,0.0,0.0,0.075,0.1,0.05,0.0,T4/P4,delta
113,0.0,0.0,0.0,0.4,0.45,0.3,0.125,P4/O1,delta
114,0.0,0.0,0.0,0.0,0.0,0.0,0.0,T5/T6,delta
115,0.8,0.8,0.8,1.0,1.0,1.0,1.0,Fp1/F3,delta
116,0.0,0.0,0.0,0.0,0.0,0.0,0.0,Cz/Pz,delta
117,0.0,0.0,0.0,0.0,0.0,0.0,0.0,F4/P4,delta
118,0.0,0.0,0.0,0.0,0.0,0.0,0.0,Fz/P4,delta
119,0.0,0.0,0.0,0.025,0.025,0.025,0.0,Fp2/Pz,delta
120,0.0,0.0,0.0,0.5,0.525,0.275,0.075,F7/Fz,delta
121,0.0,0.0,0.0,0.125,0.15,0.05,0.0,F4/Pz,delta
122,0.0,0.0,0.0,0.125,0.175,0.075,0.05,Fp1/Fp2,delta
123,0.0,0.0,0.0,0.2,0.225,0.025,0.0,Fp2/P3,delta
124,0.0,0.0,0.0,0.1,0.075,0.05,0.0,C3/T6,delta
125,0.0,0.0,0.0,0.275,0.3,0.125,0.025,F4/C4,delta
126,0.0,0.0,0.0,0.0,0.0,0.0,0.0,F7/F4,delta
127,0.025,0.025,0.025,0.525,0.5,0.3,0.125,Fp1/P3,delta
128,0.0,0.0,0.0,0.125,0.175,0.05,0.0,T4/Pz,delta
129,0.325,0.325,0.325,1.0,1.0,1.0,0.975,F3/C3,delta
130,0.0,0.0,0.0,0.125,0.125,0.075,0.05,Fp2/F7,delta
131,0.0,0.0,0.0,0.0,0.0,0.0,0.0,F8/Cz,delta
132,0.0,0.0,0.0,0.025,0.025,0.0,0.0,Fp2/P4,delta
133,0.0,0.0,0.0,0.3,0.375,0.125,0.025,Pz/T6,delta
134,0.0,0.0,0.0,0.075,0.075,0.025,0.0,F4/T3,delta
135,0.0,0.0,0.0,0.0,0.0,0.0,0.0,T3/O2,delta
136,0.0,0.0,0.0,0.05,0.05,0.0,0.0,F8/P3,delta
137,0.0,0.0,0.0,0.05,0.1,0.0,0.0,F3/F4,delta
138,0.0,0.0,0.0,0.0,0.0,0.0,0.0,Fz/T5,delta
139,0.0,0.0,0.0,0.075,0.075,0.025,0.0,C3/P4,delta
140,0.0,0.0,0.0,0.0,0.0,0.0,0.0,Fp2/O2,delta
141,0.0,0.0,0.0,0.55,0.55,0.3,0.125,F8/T4,delta
142,0.025,0.025,0.025,0.425,0.425,0.2,0.075,Fp1/T5,delta
143,0.0,0.0,0.0,0.0,0.0,0.0,0.0,T3/P4,delta
144,0.0,0.0,0.0,0.475,0.475,0.3,0.1,T3/O1,delta
145,0.0,0.0,0.0,0.4,0.45,0.225,0.05,F3/T5,delta
146,0.0,0.0,0.0,0.0,0.0,0.0,0.0,F7/T6,delta
147,0.0,0.0,0.0,0.0,0.025,0.0,0.0,F8/C4,delta
148,0.0,0.0,0.0,0.025,0.025,0.0,0.0,F7/O1,delta
149,0.65,0.575,0.575,1.0,1.0,0.975,0.95,O1/O2,delta
150,0.125,0.125,0.125,0.95,0.95,0.925,0.675,F7/T3,delta
151,0.0,0.0,0.0,0.5,0.55,0.375,0.1,Fp1/F7,delta
152,0.0,0.0,0.0,0.0,0.025,0.0,0.0,C3/Cz,delta
153,0.0,0.0,0.0,0.05,0.025,0.0,0.0,Fp2/T5,delta
154,0.0,0.0,0.0,0.0,0.0,0.0,0.0,F7/P4,delta
155,0.0,0.0,0.0,0.425,0.4,0.225,0.075,F4/Cz,delta
156,0.0,0.0,0.0,0.5,0.525,0.2,0.125,Cz/T4,delta
157,0.0,0.0,0.0,0.0,0.0,0.0,0.0,Fz/O2,delta
158,0.0,0.0,0.0,0.275,0.3,0.125,0.025,F3/F8,delta
159,0.025,0.0,0.0,0.6,0.7,0.425,0.125,Fz/F4,delta
160,0.0,0.0,0.0,0.0,0.0,0.0,0.0,T6/O1,delta
161,0.0,0.0,0.0,0.65,0.725,0.525,0.35,T3/P3,delta
162,0.0,0.0,0.0,0.0,0.025,0.0,0.0,T4/P3,delta
163,0.15,0.125,0.125,0.975,0.975,0.75,0.575,Fp2/C4,delta
164,0.0,0.0,0.0,0.225,0.225,0.125,0.0,C4/O2,delta
165,0.025,0.0,0.0,0.5,0.5,0.3,0.2,P3/P4,delta
166,0.0,0.0,0.0,0.0,0.0,0.0,0.0,P3/O1,delta
167,0.775,0.775,0.775,1.0,1.0,1.0,1.0,Fp1/Fz,delta
168,0.025,0.025,0.025,0.825,0.8,0.65,0.4,F3/Fz,delta
169,0.0,0.0,0.0,0.2,0.2,0.1,0.025,F3/P3,delta
170,0.0,0.0,0.0,0.4,0.45,0.225,0.1,Pz/O1,delta
171,0.0,0.0,0.0,0.075,0.075,0.0,0.0,Cz/P4,theta
172,0.0,0.0,0.0,0.0,0.0,0.0,0.0,C4/Pz,theta
173,0.0,0.0,0.0,0.075,0.1,0.0,0.0,Fp1/T6,theta
174,0.0,0.0,0.0,0.0,0.025,0.0,0.0,C3/Pz,theta
175,0.25,0.25,0.225,0.975,0.975,0.65,0.525,Fp2/Fz,theta
176,0.0,0.0,0.0,0.025,0.025,0.025,0.0,F3/T6,theta
177,0.0,0.0,0.0,0.15,0.175,0.1,0.025,Fz/T4,theta
178,0.0,0.0,0.0,0.075,0.05,0.0,0.0,F7/P3,theta
179,0.375,0.325,0.325,1.0,1.0,0.95,0.725,Fp2/F3,theta
180,0.0,0.0,0.0,0.0,0.0,0.0,0.0,Pz/P4,theta
181,0.0,0.0,0.0,0.075,0.125,0.025,0.0,C4/P3,theta
182,0.45,0.375,0.375,1.0,1.0,1.0,0.975,Fp1/F4,theta
183,0.0,0.0,0.0,0.025,0.025,0.0,0.0,T5/Pz,theta
184,0.0,0.0,0.0,0.225,0.225,0.025,0.025,T4/O2,theta
185,0.0,0.0,0.0,0.175,0.175,0.025,0.0,T6/O2,theta
186,0.0,0.0,0.0,0.225,0.25,0.075,0.0,F4/F8,theta
187,0.0,0.0,0.0,0.0,0.0,0.0,0.0,F8/P4,theta
188,0.0,0.0,0.0,0.025,0.025,0.025,0.025,C4/P4,theta
189,0.0,0.0,0.0,0.3,0.4,0.225,0.05,F4/T4,theta
190,0.0,0.0,0.0,0.0,0.0,0.0,0.0,F3/O1,theta
191,0.0,0.0,0.0,0.1,0.125,0.05,0.025,Fz/Cz,theta
192,0.0,0.0,0.0,0.5,0.5,0.325,0.125,C3/T4,theta
193,0.0,0.0,0.0,0.275,0.3,0.15,0.025,Fp1/Pz,theta
194,0.025,0.025,0.025,0.625,0.575,0.4,0.175,Fp2/T4,theta
195,0.0,0.0,0.0,0.2,0.175,0.05,0.025,F7/C4,theta
196,0.2,0.175,0.175,0.9,0.9,0.775,0.55,Fp2/C3,theta
197,0.0,0.0,0.0,0.0,0.0,0.0,0.0,F4/O2,theta
198,0.0,0.0,0.0,0.0,0.0,0.0,0.0,T4/T5,theta
199,0.0,0.0,0.0,0.25,0.35,0.1,0.05,F3/Pz,theta
200,0.0,0.0,0.0,0.325,0.275,0.125,0.025,C3/O2,theta
201,0.0,0.0,0.0,0.125,0.125,0.05,0.0,Fp1/O2,theta
202,0.0,0.0,0.0,0.25,0.275,0.05,0.05,Fp2/T3,theta
203,0.0,0.0,0.0,0.05,0.05,0.025,0.0,C3/T5,theta
204,0.175,0.175,0.175,1.0,1.0,1.0,0.85,C4/T4,theta
205,0.025,0.025,0.025,0.575,0.6,0.4,0.175,P3/O2,theta
206,0.0,0.0,0.0,0.1,0.125,0.025,0.0,T3/Pz,theta
207,0.0,0.0,0.0,0.0,0.0,0.0,0.0,P4/T6,theta
208,0.0,0.0,0.0,0.0,0.0,0.0,0.0,T4/O1,theta
209,0.0,0.0,0.0,0.025,0.0,0.0,0.0,Fz/T6,theta
210,0.0,0.0,0.0,0.225,0.25,0.15,0.1,P4/O2,theta
211,0.0,0.0,0.0,0.0,0.0,0.0,0.0,F4/P3,theta
212,0.0,0.0,0.0,0.1,0.1,0.05,0.0,F7/Pz,theta
213,0.0,0.0,0.0,0.325,0.3,0.125,0.025,Cz/O2,theta
214,0.0,0.0,0.0,0.0,0.0,0.0,0.0,Fp1/T4,theta
215,0.0,0.0,0.0,0.0,0.0,0.0,0.0,F7/T5,theta
216,0.0,0.0,0.0,0.075,0.075,0.025,0.0,Fp1/P4,theta
217,0.0,0.0,0.0,0.05,0.075,0.025,0.0,T3/T5,theta
218,0.5,0.475,0.45,1.0,1.0,1.0,0.95,Fp1/C3,theta
219,0.0,0.0,0.0,0.025,0.025,0.0,0.0,T3/T4,theta
220,0.0,0.0,0.0,0.025,0.05,0.0,0.0,F8/T6,theta
221,0.075,0.05,0.05,0.625,0.625,0.4,0.175,Fz/T3,theta
222,0.0,0.0,0.0,0.375,0.425,0.125,0.025,Fz/C4,theta
223,0.0,0.0,0.0,0.0,0.0,0.0,0.0,F7/T4,theta
224,0.0,0.0,0.0,0.0,0.0,0.0,0.0,P3/Pz,theta
225,0.0,0.0,0.0,0.0,0.0,0.0,0.0,F8/O1,theta
226,0.0,0.0,0.0,0.05,0.075,0.0,0.0,T5/O1,theta
227,0.0,0.0,0.0,0.425,0.4,0.15,0.05,Cz/T6,theta
228,0.0,0.0,0.0,0.25,0.25,0.075,0.025,F7/Cz,theta
229,0.0,0.0,0.0,0.0,0.0,0.0,0.0,Fp2/O1,theta
230,0.0,0.0,0.0,0.0,0.0,0.0,0.0,T5/P3,theta
231,0.0,0.0,0.0,0.025,0.0,0.0,0.0,F4/T6,theta
232,0.225,0.225,0.225,0.95,0.925,0.8,0.575,Fp2/F4,theta
233,0.0,0.0,0.0,0.425,0.6,0.325,0.125,F7/C3,theta
234,0.25,0.25,0.25,0.975,1.0,0.975,0.825,Fp1/C4,theta
235,0.0,0.0,0.0,0.05,0.05,0.0,0.0,Fz/Pz,theta
236,0.0,0.0,0.0,0.375,0.4,0.175,0.0,C4/T6,theta
237,0.0,0.0,0.0,0.425,0.425,0.25,0.075,P3/T6,theta
238,0.0,0.0,0.0,0.0,0.0,0.0,0.0,F7/O2,theta
239,0.025,0.025,0.025,0.775,0.775,0.5,0.225,F4/C3,theta
240,0.0,0.0,0.0,0.025,0.025,0.0,0.0,F8/T5,theta
241,0.0,0.0,0.0,0.05,0.075,0.05,0.025,Fp2/F8,theta
242,0.0,0.0,0.0,0.325,0.325,0.175,0.1,T3/C3,theta
243,0.0,0.0,0.0,0.025,0.025,0.025,0.0,Fp1/O1,theta
244,0.0,0.0,0.0,0.875,0.85,0.675,0.45,F3/C4,theta
245,0.0,0.0,0.0,0.1,0.125,0.075,0.0,T3/C4,theta
246,0.0,0.0,0.0,0.0,0.0,0.0,0.0,Fz/P3,theta
247,0.0,0.0,0.0,0.0,0.0,0.0,0.0,Fp1/F8,theta
248,0.075,0.075,0.075,0.725,0.725,0.425,0.25,Fp2/Cz,theta
249,0.0,0.0,0.0,0.0,0.0,0.0,0.0,Fz/O1,theta
250,0.0,0.0,0.0,0.0,0.0,0.0,0.0,F3/P4,theta
251,0.0,0.0,0.0,0.025,0.025,0.0,0.0,C4/T5,theta
252,0.0,0.0,0.0,0.825,0.825,0.525,0.2,F3/Cz,theta
253,0.0,0.0,0.0,0.0,0.0,0.0,0.0,T3/T6,theta
254,0.0,0.0,0.0,0.025,0.025,0.025,0.0,C3/C4,theta
255,0.0,0.0,0.0,0.3,0.275,0.1,0.025,F3/T4,theta
256,0.4,0.4,0.4,0.975,0.975,0.85,0.775,Fp1/T3,theta
257,0.0,0.0,0.0,0.075,0.075,0.025,0.0,F8/C3,theta
258,0.0,0.0,0.0,0.075,0.1,0.05,0.025,Cz/C4,theta
259,0.0,0.0,0.0,0.125,0.125,0.05,0.0,Cz/P3,theta
260,0.0,0.0,0.0,0.0,0.0,0.0,0.0,T4/T6,theta
261,0.0,0.0,0.0,0.0,0.0,0.0,0.0,F3/O2,theta
262,0.0,0.0,0.0,0.0,0.0,0.0,0.0,F7/F8,theta
263,0.35,0.35,0.35,1.0,1.0,1.0,1.0,F7/F3,theta
264,0.0,0.0,0.0,0.125,0.125,0.1,0.075,F8/Pz,theta
265,0.0,0.0,0.0,0.0,0.0,0.0,0.0,F4/T5,theta
266,0.075,0.075,0.075,0.775,0.85,0.675,0.525,Fp1/Cz,theta
267,0.05,0.05,0.05,0.5,0.425,0.25,0.1,T5/O2,theta
268,0.0,0.0,0.0,0.0,0.0,0.0,0.0,F4/O1,theta
269,0.0,0.0,0.0,0.0,0.0,0.0,0.0,F8/O2,theta
270,0.0,0.0,0.0,0.225,0.275,0.1,0.075,T3/Cz,theta
271,0.0,0.0,0.0,0.1,0.075,0.0,0.0,F8/T3,theta
272,0.0,0.0,0.0,0.375,0.425,0.2,0.05,Fz/C3,theta
273,0.025,0.025,0.025,0.675,0.65,0.55,0.3,F3/T3,theta
274,0.0,0.0,0.0,0.025,0.0,0.0,0.0,C3/O1,theta
275,0.0,0.0,0.0,0.025,0.025,0.0,0.0,Fp2/T6,theta
276,0.025,0.025,0.025,0.5,0.475,0.225,0.125,Pz/O2,theta
277,0.0,0.0,0.0,0.125,0.125,0.075,0.05,T5/P4,theta
278,0.0,0.0,0.0,0.025,0.025,0.025,0.0,Cz/T5,theta
279,0.0,0.0,0.0,0.0,0.0,0.0,0.0,C3/P3,theta
280,0.0,0.0,0.0,0.075,0.075,0.0,0.0,Fz/F8,theta
281,0.0,0.0,0.0,0.15,0.15,0.05,0.025,Cz/O1,theta
282,0.0,0.0,0.0,0.075,0.075,0.025,0.0,C4/O1,theta
283,0.0,0.0,0.0,0.65,0.65,0.525,0.275,T4/P4,theta
284,0.0,0.0,0.0,0.175,0.15,0.075,0.025,P4/O1,theta
285,0.0,0.0,0.0,0.0,0.0,0.0,0.0,T5/T6,theta
286,0.975,0.975,0.975,1.0,1.0,1.0,1.0,Fp1/F3,theta
287,0.0,0.0,0.0,0.025,0.025,0.0,0.0,Cz/Pz,theta
288,0.0,0.0,0.0,0.0,0.0,0.0,0.0,F4/P4,theta
289,0.0,0.0,0.0,0.0,0.0,0.0,0.0,Fz/P4,theta
290,0.025,0.025,0.025,0.5,0.5,0.125,0.075,Fp2/Pz,theta
291,0.175,0.175,0.15,1.0,1.0,0.975,0.775,F7/Fz,theta
292,0.0,0.0,0.0,0.1,0.1,0.0,0.0,F4/Pz,theta
293,0.0,0.0,0.0,0.175,0.175,0.125,0.125,Fp1/Fp2,theta
294,0.0,0.0,0.0,0.325,0.35,0.125,0.1,Fp2/P3,theta
295,0.0,0.0,0.0,0.125,0.15,0.05,0.025,C3/T6,theta
296,0.0,0.0,0.0,0.25,0.225,0.05,0.025,F4/C4,theta
297,0.0,0.0,0.0,0.425,0.45,0.275,0.125,F7/F4,theta
298,0.0,0.0,0.0,0.6,0.675,0.45,0.175,Fp1/P3,theta
299,0.0,0.0,0.0,0.25,0.25,0.175,0.0,T4/Pz,theta
300,0.0,0.0,0.0,0.75,0.825,0.55,0.275,F3/C3,theta
301,0.0,0.0,0.0,0.05,0.05,0.0,0.0,Fp2/F7,theta
302,0.0,0.0,0.0,0.05,0.05,0.025,0.0,F8/Cz,theta
303,0.0,0.0,0.0,0.225,0.3,0.15,0.025,Fp2/P4,theta
304,0.025,0.025,0.025,0.65,0.6,0.225,0.1,Pz/T6,theta
305,0.0,0.0,0.0,0.225,0.175,0.05,0.025,F4/T3,theta
306,0.0,0.0,0.0,0.05,0.025,0.0,0.0,T3/O2,theta
307,0.0,0.0,0.0,0.0,0.0,0.0,0.0,F8/P3,theta
308,0.025,0.025,0.025,0.8,0.775,0.525,0.275,F3/F4,theta
309,0.0,0.0,0.0,0.0,0.0,0.0,0.0,Fz/T5,theta
310,0.0,0.0,0.0,0.025,0.0,0.0,0.0,C3/P4,theta
311,0.0,0.0,0.0,0.125,0.1,0.025,0.0,Fp2/O2,theta
312,0.05,0.025,0.025,0.65,0.75,0.425,0.25,F8/T4,theta
313,0.0,0.0,0.0,0.0,0.0,0.0,0.0,Fp1/T5,theta
314,0.0,0.0,0.0,0.0,0.0,0.0,0.0,T3/P4,theta
315,0.0,0.0,0.0,0.125,0.125,0.0,0.0,T3/O1,theta
316,0.0,0.0,0.0,0.0,0.0,0.0,0.0,F3/T5,theta
317,0.0,0.0,0.0,0.025,0.025,0.0,0.0,F7/T6,theta
318,0.0,0.0,0.0,0.0,0.0,0.0,0.0,F8/C4,theta
319,0.0,0.0,0.0,0.0,0.0,0.0,0.0,F7/O1,theta
320,0.2,0.2,0.2,0.975,0.975,0.9,0.6,O1/O2,theta
321,0.0,0.0,0.0,0.425,0.475,0.275,0.125,F7/T3,theta
322,0.025,0.025,0.025,1.0,0.975,0.875,0.75,Fp1/F7,theta
323,0.0,0.0,0.0,0.075,0.275,0.075,0.0,C3/Cz,theta
324,0.0,0.0,0.0,0.0,0.0,0.0,0.0,Fp2/T5,theta
325,0.0,0.0,0.0,0.0,0.0,0.0,0.0,F7/P4,theta
326,0.0,0.0,0.0,0.25,0.175,0.075,0.05,F4/Cz,theta
327,0.0,0.0,0.0,0.525,0.575,0.375,0.15,Cz/T4,theta
328,0.0,0.0,0.0,0.0,0.0,0.0,0.0,Fz/O2,theta
329,0.0,0.0,0.0,0.0,0.0,0.0,0.0,F3/F8,theta
330,0.15,0.15,0.15,0.95,0.95,0.875,0.65,Fz/F4,theta
331,0.0,0.0,0.0,0.35,0.325,0.125,0.025,T6/O1,theta
332,0.0,0.0,0.0,0.175,0.25,0.075,0.025,T3/P3,theta
333,0.0,0.0,0.0,0.0,0.05,0.0,0.0,T4/P3,theta
334,0.1,0.1,0.1,0.95,0.95,0.825,0.65,Fp2/C4,theta
335,0.0,0.0,0.0,0.075,0.075,0.0,0.0,C4/O2,theta
336,0.0,0.0,0.0,0.3,0.275,0.15,0.1,P3/P4,theta
337,0.0,0.0,0.0,0.05,0.05,0.0,0.0,P3/O1,theta
338,0.625,0.6,0.6,1.0,1.0,1.0,1.0,Fp1/Fz,theta
339,0.275,0.275,0.275,0.975,1.0,0.875,0.8,F3/Fz,theta
340,0.0,0.0,0.0,0.0,0.0,0.0,0.0,F3/P3,theta
341,0.0,0.0,0.0,0.0,0.0,0.0,0.0,Pz/O1,theta
342,0.0,0.0,0.0,0.475,0.475,0.275,0.1,Cz/P4,alpha1
343,0.0,0.0,0.0,0.0,0.0,0.0,0.0,C4/Pz,alpha1
344,0.0,0.0,0.0,0.025,0.025,0.025,0.0,Fp1/T6,alpha1
345,0.0,0.0,0.0,0.0,0.0,0.0,0.0,C3/Pz,alpha1
346,0.8,0.775,0.775,1.0,1.0,1.0,0.975,Fp2/Fz,alpha1
347,0.0,0.0,0.0,0.0,0.0,0.0,0.0,F3/T6,alpha1
348,0.0,0.0,0.0,0.4,0.425,0.225,0.075,Fz/T4,alpha1
349,0.0,0.0,0.0,0.275,0.275,0.1,0.05,F7/P3,alpha1
350,1.0,1.0,1.0,1.0,1.0,1.0,1.0,Fp2/F3,alpha1
351,0.0,0.0,0.0,0.175,0.175,0.075,0.025,Pz/P4,alpha1
352,0.0,0.0,0.0,0.375,0.475,0.225,0.075,C4/P3,alpha1
353,1.0,0.975,0.975,1.0,1.0,1.0,1.0,Fp1/F4,alpha1
354,0.0,0.0,0.0,0.55,0.525,0.275,0.125,T5/Pz,alpha1
355,0.0,0.0,0.0,0.0,0.0,0.0,0.0,T4/O2,alpha1
356,0.0,0.0,0.0,0.05,0.05,0.025,0.025,T6/O2,alpha1
357,0.425,0.425,0.4,1.0,1.0,0.95,0.825,F4/F8,alpha1
358,0.0,0.0,0.0,0.0,0.0,0.0,0.0,F8/P4,alpha1
359,0.0,0.0,0.0,0.1,0.15,0.05,0.025,C4/P4,alpha1
360,0.0,0.0,0.0,0.45,0.4,0.3,0.15,F4/T4,alpha1
361,0.0,0.0,0.0,0.125,0.125,0.05,0.0,F3/O1,alpha1
362,0.0,0.0,0.0,0.375,0.425,0.25,0.075,Fz/Cz,alpha1
363,0.0,0.0,0.0,0.3,0.275,0.125,0.025,C3/T4,alpha1
364,0.0,0.0,0.0,0.025,0.025,0.0,0.0,Fp1/Pz,alpha1
365,0.1,0.1,0.1,0.825,0.825,0.65,0.425,Fp2/T4,alpha1
366,0.0,0.0,0.0,0.55,0.525,0.275,0.125,F7/C4,alpha1
367,0.825,0.8,0.8,1.0,1.0,1.0,1.0,Fp2/C3,alpha1
368,0.0,0.0,0.0,0.0,0.0,0.0,0.0,F4/O2,alpha1
369,0.0,0.0,0.0,0.0,0.0,0.0,0.0,T4/T5,alpha1
370,0.0,0.0,0.0,0.1,0.1,0.025,0.0,F3/Pz,alpha1
371,0.225,0.225,0.225,0.875,0.825,0.725,0.55,C3/O2,alpha1
372,0.0,0.0,0.0,0.0,0.0,0.0,0.0,Fp1/O2,alpha1
373,0.0,0.0,0.0,0.8,0.775,0.45,0.15,Fp2/T3,alpha1
374,0.0,0.0,0.0,0.3,0.275,0.15,0.05,C3/T5,alpha1
375,0.225,0.2,0.2,1.0,1.0,1.0,0.925,C4/T4,alpha1
376,0.9,0.9,0.9,1.0,1.0,1.0,1.0,P3/O2,alpha1
377,0.0,0.0,0.0,0.15,0.175,0.025,0.0,T3/Pz,alpha1
378,0.0,0.0,0.0,0.025,0.025,0.0,0.0,P4/T6,alpha1
379,0.0,0.0,0.0,0.45,0.475,0.225,0.05,T4/O1,alpha1
380,0.0,0.0,0.0,0.0,0.0,0.0,0.0,Fz/T6,alpha1
381,0.0,0.0,0.0,0.0,0.0,0.0,0.0,P4/O2,alpha1
382,0.0,0.0,0.0,0.0,0.0,0.0,0.0,F4/P3,alpha1
383,0.0,0.0,0.0,0.5,0.5,0.2,0.1,F7/Pz,alpha1
384,0.475,0.475,0.475,1.0,1.0,0.875,0.725,Cz/O2,alpha1
385,0.0,0.0,0.0,0.125,0.1,0.0,0.0,Fp1/T4,alpha1
386,0.0,0.0,0.0,0.0,0.0,0.0,0.0,F7/T5,alpha1
387,0.0,0.0,0.0,0.0,0.0,0.0,0.0,Fp1/P4,alpha1
388,0.0,0.0,0.0,0.0,0.0,0.0,0.0,T3/T5,alpha1
389,0.725,0.725,0.725,1.0,1.0,1.0,0.95,Fp1/C3,alpha1
390,0.0,0.0,0.0,0.0,0.0,0.0,0.0,T3/T4,alpha1
391,0.0,0.0,0.0,0.0,0.0,0.0,0.0,F8/T6,alpha1
392,0.0,0.0,0.0,0.375,0.325,0.2,0.025,Fz/T3,alpha1
393,0.0,0.0,0.0,0.275,0.225,0.125,0.1,Fz/C4,alpha1
394,0.0,0.0,0.0,0.0,0.0,0.0,0.0,F7/T4,alpha1
395,0.0,0.0,0.0,0.0,0.0,0.0,0.0,P3/Pz,alpha1
396,0.0,0.0,0.0,0.075,0.075,0.025,0.0,F8/O1,alpha1
397,0.0,0.0,0.0,0.0,0.0,0.0,0.0,T5/O1,alpha1
398,0.075,0.075,0.075,0.85,0.875,0.65,0.35,Cz/T6,alpha1
399,0.55,0.475,0.475,1.0,1.0,1.0,0.875,F7/Cz,alpha1
400,0.0,0.0,0.0,0.0,0.0,0.0,0.0,Fp2/O1,alpha1
401,0.0,0.0,0.0,0.0,0.0,0.0,0.0,T5/P3,alpha1
402,0.0,0.0,0.0,0.0,0.0,0.0,0.0,F4/T6,alpha1
403,1.0,1.0,1.0,1.0,1.0,1.0,1.0,Fp2/F4,alpha1
404,0.3,0.3,0.3,1.0,1.0,0.975,0.9,F7/C3,alpha1
405,0.15,0.15,0.125,0.925,0.95,0.7,0.55,Fp1/C4,alpha1
406,0.0,0.0,0.0,0.0,0.0,0.0,0.0,Fz/Pz,alpha1
407,0.5,0.475,0.45,1.0,1.0,0.95,0.875,C4/T6,alpha1
408,0.275,0.25,0.25,0.95,0.925,0.825,0.6,P3/T6,alpha1
409,0.0,0.0,0.0,0.025,0.025,0.025,0.0,F7/O2,alpha1
410,0.075,0.075,0.075,0.9,0.925,0.675,0.475,F4/C3,alpha1
411,0.0,0.0,0.0,0.675,0.65,0.375,0.1,F8/T5,alpha1
412,0.0,0.0,0.0,0.95,0.95,0.725,0.35,Fp2/F8,alpha1
413,0.05,0.05,0.025,0.7,0.675,0.475,0.3,T3/C3,alpha1
414,0.0,0.0,0.0,0.0,0.0,0.0,0.0,Fp1/O1,alpha1
415,0.025,0.025,0.025,0.825,0.825,0.625,0.425,F3/C4,alpha1
416,0.0,0.0,0.0,0.25,0.25,0.15,0.075,T3/C4,alpha1
417,0.0,0.0,0.0,0.125,0.2,0.025,0.0,Fz/P3,alpha1
418,0.0,0.0,0.0,0.675,0.625,0.375,0.175,Fp1/F8,alpha1
419,0.2,0.2,0.2,1.0,0.975,0.825,0.65,Fp2/Cz,alpha1
420,0.0,0.0,0.0,0.275,0.275,0.175,0.025,Fz/O1,alpha1
421,0.0,0.0,0.0,0.0,0.0,0.0,0.0,F3/P4,alpha1
422,0.025,0.025,0.025,0.5,0.525,0.3,0.075,C4/T5,alpha1
423,0.2,0.2,0.175,1.0,1.0,0.9,0.7,F3/Cz,alpha1
424,0.0,0.0,0.0,0.0,0.0,0.0,0.0,T3/T6,alpha1
425,0.0,0.0,0.0,0.05,0.1,0.0,0.0,C3/C4,alpha1
426,0.0,0.0,0.0,0.525,0.5,0.325,0.05,F3/T4,alpha1
427,0.325,0.325,0.325,0.975,1.0,0.975,0.875,Fp1/T3,alpha1
428,0.125,0.125,0.125,0.65,0.65,0.55,0.375,F8/C3,alpha1
429,0.0,0.0,0.0,0.225,0.275,0.1,0.05,Cz/C4,alpha1
430,0.0,0.0,0.0,0.375,0.5,0.25,0.075,Cz/P3,alpha1
431,0.0,0.0,0.0,0.0,0.0,0.0,0.0,T4/T6,alpha1
432,0.0,0.0,0.0,0.0,0.0,0.0,0.0,F3/O2,alpha1
433,0.0,0.0,0.0,0.2,0.2,0.1,0.025,F7/F8,alpha1
434,1.0,1.0,1.0,1.0,1.0,1.0,1.0,F7/F3,alpha1
435,0.0,0.0,0.0,0.375,0.375,0.2,0.025,F8/Pz,alpha1
436,0.0,0.0,0.0,0.025,0.0,0.0,0.0,F4/T5,alpha1
437,0.5,0.5,0.5,1.0,1.0,1.0,0.925,Fp1/Cz,alpha1
438,0.4,0.4,0.4,1.0,1.0,0.975,0.85,T5/O2,alpha1
439,0.0,0.0,0.0,0.0,0.0,0.0,0.0,F4/O1,alpha1
440,0.0,0.0,0.0,0.0,0.0,0.0,0.0,F8/O2,alpha1
441,0.0,0.0,0.0,0.4,0.425,0.25,0.1,T3/Cz,alpha1
442,0.0,0.0,0.0,0.025,0.025,0.025,0.0,F8/T3,alpha1
443,0.0,0.0,0.0,0.15,0.15,0.025,0.025,Fz/C3,alpha1
444,0.05,0.05,0.05,0.725,0.725,0.525,0.275,F3/T3,alpha1
445,0.025,0.025,0.025,0.725,0.7,0.475,0.375,C3/O1,alpha1
446,0.0,0.0,0.0,0.025,0.025,0.0,0.0,Fp2/T6,alpha1
447,0.85,0.85,0.85,1.0,1.0,1.0,1.0,Pz/O2,alpha1
448,0.075,0.05,0.05,0.725,0.65,0.4,0.2,T5/P4,alpha1
449,0.025,0.025,0.025,0.725,0.75,0.5,0.175,Cz/T5,alpha1
450,0.0,0.0,0.0,0.0,0.05,0.0,0.0,C3/P3,alpha1
451,0.325,0.325,0.325,1.0,1.0,0.925,0.7,Fz/F8,alpha1
452,0.325,0.275,0.275,0.975,0.975,0.8,0.75,Cz/O1,alpha1
453,0.2,0.2,0.2,0.975,0.95,0.8,0.675,C4/O1,alpha1
454,0.0,0.0,0.0,0.15,0.125,0.05,0.0,T4/P4,alpha1
455,0.125,0.125,0.125,0.875,0.875,0.65,0.275,P4/O1,alpha1
456,0.0,0.0,0.0,0.675,0.7,0.5,0.25,T5/T6,alpha1
457,1.0,1.0,1.0,1.0,1.0,1.0,1.0,Fp1/F3,alpha1
458,0.0,0.0,0.0,0.0,0.0,0.0,0.0,Cz/Pz,alpha1
459,0.0,0.0,0.0,0.0,0.0,0.0,0.0,F4/P4,alpha1
460,0.0,0.0,0.0,0.125,0.125,0.025,0.025,Fz/P4,alpha1
461,0.0,0.0,0.0,0.025,0.025,0.025,0.0,Fp2/Pz,alpha1
462,0.95,0.95,0.95,1.0,1.0,1.0,1.0,F7/Fz,alpha1
463,0.0,0.0,0.0,0.075,0.075,0.025,0.0,F4/Pz,alpha1
464,0.15,0.15,0.15,0.675,0.6,0.425,0.325,Fp1/Fp2,alpha1
465,0.0,0.0,0.0,0.0,0.0,0.0,0.0,Fp2/P3,alpha1
466,0.0,0.0,0.0,0.2,0.2,0.0,0.0,C3/T6,alpha1
467,0.05,0.05,0.05,0.825,0.85,0.65,0.475,F4/C4,alpha1
468,0.325,0.325,0.325,1.0,1.0,0.975,0.825,F7/F4,alpha1
469,0.0,0.0,0.0,0.0,0.0,0.0,0.0,Fp1/P3,alpha1
470,0.0,0.0,0.0,0.0,0.0,0.0,0.0,T4/Pz,alpha1
471,0.0,0.0,0.0,0.9,0.925,0.6,0.275,F3/C3,alpha1
472,0.25,0.25,0.25,1.0,1.0,1.0,0.9,Fp2/F7,alpha1
473,0.125,0.125,0.125,0.875,0.875,0.725,0.4,F8/Cz,alpha1
474,0.0,0.0,0.0,0.05,0.05,0.0,0.0,Fp2/P4,alpha1
475,0.65,0.65,0.65,1.0,1.0,1.0,1.0,Pz/T6,alpha1
476,0.025,0.025,0.025,0.6,0.625,0.375,0.175,F4/T3,alpha1
477,0.0,0.0,0.0,0.15,0.15,0.0,0.0,T3/O2,alpha1
478,0.0,0.0,0.0,0.0,0.0,0.0,0.0,F8/P3,alpha1
479,0.775,0.75,0.75,1.0,1.0,1.0,1.0,F3/F4,alpha1
480,0.0,0.0,0.0,0.05,0.05,0.025,0.0,Fz/T5,alpha1
481,0.0,0.0,0.0,0.225,0.2,0.125,0.05,C3/P4,alpha1
482,0.0,0.0,0.0,0.0,0.0,0.0,0.0,Fp2/O2,alpha1
483,0.025,0.0,0.0,0.75,0.725,0.45,0.325,F8/T4,alpha1
484,0.0,0.0,0.0,0.025,0.025,0.0,0.0,Fp1/T5,alpha1
485,0.0,0.0,0.0,0.0,0.0,0.0,0.0,T3/P4,alpha1
486,0.0,0.0,0.0,0.0,0.0,0.0,0.0,T3/O1,alpha1
487,0.0,0.0,0.0,0.075,0.075,0.0,0.0,F3/T5,alpha1
488,0.0,0.0,0.0,0.15,0.15,0.05,0.0,F7/T6,alpha1
489,0.025,0.025,0.025,0.4,0.375,0.15,0.1,F8/C4,alpha1
490,0.0,0.0,0.0,0.0,0.0,0.0,0.0,F7/O1,alpha1
491,0.8,0.8,0.8,1.0,1.0,1.0,0.95,O1/O2,alpha1
492,0.0,0.0,0.0,0.4,0.4,0.325,0.125,F7/T3,alpha1
493,0.975,0.975,0.975,1.0,1.0,1.0,1.0,Fp1/F7,alpha1
494,0.0,0.0,0.0,0.475,0.525,0.25,0.075,C3/Cz,alpha1
495,0.0,0.0,0.0,0.375,0.35,0.225,0.1,Fp2/T5,alpha1
496,0.0,0.0,0.0,0.0,0.0,0.0,0.0,F7/P4,alpha1
497,0.15,0.15,0.15,0.95,0.95,0.85,0.625,F4/Cz,alpha1
498,0.0,0.0,0.0,0.4,0.425,0.225,0.075,Cz/T4,alpha1
499,0.0,0.0,0.0,0.225,0.225,0.05,0.025,Fz/O2,alpha1
500,0.275,0.275,0.275,1.0,0.975,0.925,0.75,F3/F8,alpha1
501,0.525,0.5,0.5,1.0,1.0,0.95,0.725,Fz/F4,alpha1
502,0.2,0.2,0.2,0.95,0.925,0.725,0.525,T6/O1,alpha1
503,0.0,0.0,0.0,0.325,0.425,0.225,0.1,T3/P3,alpha1
504,0.0,0.0,0.0,0.0,0.0,0.0,0.0,T4/P3,alpha1
505,0.075,0.075,0.075,0.925,0.925,0.8,0.55,Fp2/C4,alpha1
506,0.125,0.125,0.125,0.975,0.975,0.9,0.8,C4/O2,alpha1
507,0.025,0.025,0.025,0.725,0.775,0.625,0.325,P3/P4,alpha1
508,0.0,0.0,0.0,0.025,0.025,0.0,0.0,P3/O1,alpha1
509,1.0,1.0,1.0,1.0,1.0,1.0,1.0,Fp1/Fz,alpha1
510,0.925,0.875,0.875,1.0,1.0,1.0,1.0,F3/Fz,alpha1
511,0.0,0.0,0.0,0.0,0.0,0.0,0.0,F3/P3,alpha1
512,0.025,0.025,0.025,0.7,0.7,0.475,0.275,Pz/O1,alpha1
513,0.0,0.0,0.0,0.1,0.075,0.025,0.0,Cz/P4,alpha2
514,0.05,0.05,0.05,0.35,0.325,0.175,0.15,C4/Pz,alpha2
515,1.0,1.0,1.0,1.0,1.0,1.0,1.0,Fp1/T6,alpha2
516,0.575,0.575,0.575,1.0,1.0,1.0,1.0,C3/Pz,alpha2
517,1.0,1.0,1.0,1.0,1.0,1.0,1.0,Fp2/Fz,alpha2
518,1.0,1.0,1.0,1.0,1.0,1.0,1.0,F3/T6,alpha2
519,0.4,0.375,0.375,1.0,1.0,0.975,0.875,Fz/T4,alpha2
520,0.0,0.0,0.0,0.325,0.3,0.25,0.05,F7/P3,alpha2
521,1.0,1.0,1.0,1.0,1.0,1.0,1.0,Fp2/F3,alpha2
522,0.025,0.025,0.0,0.325,0.375,0.2,0.1,Pz/P4,alpha2
523,0.0,0.0,0.0,0.2,0.175,0.075,0.025,C4/P3,alpha2
524,1.0,1.0,1.0,1.0,1.0,1.0,1.0,Fp1/F4,alpha2
525,0.0,0.0,0.0,0.025,0.025,0.025,0.0,T5/Pz,alpha2
526,0.0,0.0,0.0,0.05,0.075,0.0,0.0,T4/O2,alpha2
527,1.0,1.0,1.0,1.0,1.0,1.0,1.0,T6/O2,alpha2
528,1.0,1.0,1.0,1.0,1.0,1.0,1.0,F4/F8,alpha2
529,0.0,0.0,0.0,0.1,0.075,0.0,0.0,F8/P4,alpha2
530,0.0,0.0,0.0,0.55,0.6,0.375,0.075,C4/P4,alpha2
531,0.325,0.275,0.275,1.0,1.0,0.95,0.75,F4/T4,alpha2
532,0.025,0.025,0.025,0.7,0.725,0.5,0.275,F3/O1,alpha2
533,0.55,0.475,0.475,1.0,1.0,0.975,0.85,Fz/Cz,alpha2
534,0.0,0.0,0.0,0.7,0.725,0.375,0.125,C3/T4,alpha2
535,0.0,0.0,0.0,0.575,0.55,0.175,0.05,Fp1/Pz,alpha2
536,0.0,0.0,0.0,0.775,0.775,0.5,0.275,Fp2/T4,alpha2
537,0.45,0.4,0.4,0.975,1.0,0.95,0.875,F7/C4,alpha2
538,0.1,0.1,0.1,0.85,0.825,0.7,0.45,Fp2/C3,alpha2
539,0.275,0.25,0.25,0.95,0.975,0.9,0.75,F4/O2,alpha2
540,0.025,0.025,0.025,0.75,0.75,0.55,0.3,T4/T5,alpha2
541,0.075,0.075,0.075,0.7,0.725,0.5,0.25,F3/Pz,alpha2
542,0.0,0.0,0.0,0.0,0.0,0.0,0.0,C3/O2,alpha2
543,1.0,1.0,1.0,1.0,1.0,1.0,1.0,Fp1/O2,alpha2
544,0.025,0.025,0.025,0.775,0.775,0.425,0.125,Fp2/T3,alpha2
545,0.025,0.025,0.025,0.275,0.25,0.125,0.075,C3/T5,alpha2
546,0.825,0.825,0.8,1.0,1.0,1.0,1.0,C4/T4,alpha2
547,0.0,0.0,0.0,0.0,0.0,0.0,0.0,P3/O2,alpha2
548,0.925,0.925,0.9,1.0,1.0,1.0,1.0,T3/Pz,alpha2
549,0.0,0.0,0.0,0.55,0.525,0.35,0.15,P4/T6,alpha2
550,0.0,0.0,0.0,0.0,0.0,0.0,0.0,T4/O1,alpha2
551,0.85,0.85,0.85,1.0,1.0,1.0,1.0,Fz/T6,alpha2
552,0.025,0.025,0.025,0.4,0.325,0.175,0.125,P4/O2,alpha2
553,0.0,0.0,0.0,0.45,0.475,0.225,0.05,F4/P3,alpha2
554,0.825,0.825,0.825,1.0,1.0,1.0,1.0,F7/Pz,alpha2
555,0.0,0.0,0.0,0.175,0.15,0.1,0.0,Cz/O2,alpha2
556,0.0,0.0,0.0,0.125,0.125,0.075,0.0,Fp1/T4,alpha2
557,0.0,0.0,0.0,0.15,0.15,0.025,0.0,F7/T5,alpha2
558,0.0,0.0,0.0,0.625,0.675,0.3,0.125,Fp1/P4,alpha2
559,0.0,0.0,0.0,0.075,0.075,0.0,0.0,T3/T5,alpha2
560,0.25,0.25,0.25,1.0,1.0,0.95,0.875,Fp1/C3,alpha2
561,0.0,0.0,0.0,0.075,0.1,0.025,0.025,T3/T4,alpha2
562,0.0,0.0,0.0,0.1,0.1,0.05,0.0,F8/T6,alpha2
563,1.0,1.0,1.0,1.0,1.0,1.0,1.0,Fz/T3,alpha2
564,0.175,0.175,0.175,0.975,0.95,0.875,0.7,Fz/C4,alpha2
565,0.025,0.0,0.0,0.75,0.7,0.575,0.275,F7/T4,alpha2
566,0.35,0.35,0.35,1.0,1.0,0.975,0.825,P3/Pz,alpha2
567,0.975,0.975,0.975,1.0,1.0,1.0,1.0,F8/O1,alpha2
568,0.85,0.85,0.85,1.0,1.0,1.0,1.0,T5/O1,alpha2
569,0.0,0.0,0.0,0.0,0.0,0.0,0.0,Cz/T6,alpha2
570,1.0,1.0,1.0,1.0,1.0,1.0,1.0,F7/Cz,alpha2
571,0.775,0.775,0.775,1.0,1.0,1.0,1.0,Fp2/O1,alpha2
572,0.0,0.0,0.0,0.675,0.575,0.25,0.075,T5/P3,alpha2
573,0.025,0.025,0.025,0.8,0.8,0.55,0.425,F4/T6,alpha2
574,1.0,1.0,1.0,1.0,1.0,1.0,1.0,Fp2/F4,alpha2
575,0.725,0.725,0.7,1.0,1.0,0.975,0.95,F7/C3,alpha2
576,0.0,0.0,0.0,0.75,0.775,0.55,0.35,Fp1/C4,alpha2
577,0.025,0.025,0.025,0.4,0.4,0.225,0.075,Fz/Pz,alpha2
578,0.0,0.0,0.0,0.45,0.45,0.225,0.15,C4/T6,alpha2
579,0.0,0.0,0.0,0.1,0.1,0.025,0.0,P3/T6,alpha2
580,1.0,1.0,1.0,1.0,1.0,1.0,1.0,F7/O2,alpha2
581,0.95,0.95,0.95,1.0,1.0,1.0,1.0,F4/C3,alpha2
582,0.975,0.975,0.975,1.0,1.0,1.0,1.0,F8/T5,alpha2
583,0.925,0.925,0.925,1.0,1.0,1.0,1.0,Fp2/F8,alpha2
584,1.0,1.0,1.0,1.0,1.0,1.0,1.0,T3/C3,alpha2
585,0.775,0.725,0.725,1.0,1.0,1.0,1.0,Fp1/O1,alpha2
586,0.7,0.675,0.675,1.0,1.0,0.975,0.95,F3/C4,alpha2
587,0.075,0.075,0.075,0.95,0.95,0.8,0.475,T3/C4,alpha2
588,0.0,0.0,0.0,0.0,0.0,0.0,0.0,Fz/P3,alpha2
589,0.875,0.875,0.875,1.0,1.0,1.0,1.0,Fp1/F8,alpha2
590,0.45,0.425,0.425,1.0,1.0,1.0,0.975,Fp2/Cz,alpha2
591,0.15,0.15,0.15,0.875,0.9,0.75,0.475,Fz/O1,alpha2
592,0.0,0.0,0.0,0.15,0.125,0.1,0.0,F3/P4,alpha2
593,0.0,0.0,0.0,0.05,0.05,0.025,0.025,C4/T5,alpha2
594,1.0,1.0,1.0,1.0,1.0,1.0,1.0,F3/Cz,alpha2
595,0.6,0.6,0.6,1.0,1.0,0.975,0.9,T3/T6,alpha2
596,1.0,1.0,1.0,1.0,1.0,1.0,1.0,C3/C4,alpha2
597,0.05,0.05,0.05,0.675,0.65,0.5,0.225,F3/T4,alpha2
598,0.775,0.75,0.75,1.0,1.0,1.0,0.975,Fp1/T3,alpha2
599,0.0,0.0,0.0,0.675,0.675,0.5,0.225,F8/C3,alpha2
600,0.95,0.925,0.925,1.0,1.0,1.0,1.0,Cz/C4,alpha2
601,0.0,0.0,0.0,0.025,0.025,0.0,0.0,Cz/P3,alpha2
602,0.0,0.0,0.0,0.0,0.0,0.0,0.0,T4/T6,alpha2
603,0.875,0.875,0.875,1.0,1.0,1.0,1.0,F3/O2,alpha2
604,0.85,0.85,0.85,1.0,1.0,1.0,1.0,F7/F8,alpha2
605,1.0,1.0,1.0,1.0,1.0,1.0,1.0,F7/F3,alpha2
606,0.1,0.1,0.1,0.95,0.95,0.825,0.675,F8/Pz,alpha2
607,0.425,0.425,0.425,0.975,0.975,0.95,0.9,F4/T5,alpha2
608,0.725,0.675,0.675,1.0,1.0,1.0,1.0,Fp1/Cz,alpha2
609,0.0,0.0,0.0,0.375,0.35,0.175,0.025,T5/O2,alpha2
610,0.625,0.625,0.625,1.0,1.0,0.95,0.925,F4/O1,alpha2
611,0.825,0.825,0.8,1.0,1.0,1.0,1.0,F8/O2,alpha2
612,1.0,1.0,1.0,1.0,1.0,1.0,1.0,T3/Cz,alpha2
613,0.0,0.0,0.0,0.025,0.025,0.0,0.0,F8/T3,alpha2
614,0.3,0.25,0.25,1.0,1.0,1.0,0.95,Fz/C3,alpha2
615,0.85,0.825,0.825,1.0,1.0,1.0,1.0,F3/T3,alpha2
616,0.0,0.0,0.0,0.35,0.35,0.1,0.025,C3/O1,alpha2
617,0.95,0.95,0.95,1.0,1.0,1.0,1.0,Fp2/T6,alpha2
618,0.0,0.0,0.0,0.475,0.525,0.325,0.125,Pz/O2,alpha2
619,0.0,0.0,0.0,0.05,0.075,0.05,0.0,T5/P4,alpha2
620,0.0,0.0,0.0,0.0,0.0,0.0,0.0,Cz/T5,alpha2
621,0.0,0.0,0.0,0.075,0.075,0.025,0.0,C3/P3,alpha2
622,1.0,1.0,1.0,1.0,1.0,1.0,1.0,Fz/F8,alpha2
623,0.0,0.0,0.0,0.25,0.225,0.15,0.0,Cz/O1,alpha2
624,0.0,0.0,0.0,0.0,0.0,0.0,0.0,C4/O1,alpha2
625,0.0,0.0,0.0,0.3,0.325,0.1,0.075,T4/P4,alpha2
626,0.0,0.0,0.0,0.275,0.225,0.025,0.0,P4/O1,alpha2
627,0.1,0.1,0.1,0.9,0.85,0.675,0.35,T5/T6,alpha2
628,1.0,1.0,1.0,1.0,1.0,1.0,1.0,Fp1/F3,alpha2
629,0.0,0.0,0.0,0.2,0.2,0.075,0.05,Cz/Pz,alpha2
630,0.0,0.0,0.0,0.05,0.05,0.025,0.0,F4/P4,alpha2
631,0.0,0.0,0.0,0.0,0.0,0.0,0.0,Fz/P4,alpha2
632,0.025,0.025,0.025,0.675,0.65,0.375,0.2,Fp2/Pz,alpha2
633,1.0,1.0,1.0,1.0,1.0,1.0,1.0,F7/Fz,alpha2
634,0.25,0.25,0.225,0.925,0.925,0.8,0.625,F4/Pz,alpha2
635,1.0,1.0,1.0,1.0,1.0,1.0,1.0,Fp1/Fp2,alpha2
636,0.0,0.0,0.0,0.05,0.05,0.025,0.025,Fp2/P3,alpha2
637,0.125,0.1,0.1,0.75,0.7,0.425,0.325,C3/T6,alpha2
638,0.2,0.2,0.2,0.975,0.975,0.9,0.7,F4/C4,alpha2
639,1.0,1.0,1.0,1.0,1.0,1.0,1.0,F7/F4,alpha2
640,0.0,0.0,0.0,0.05,0.05,0.05,0.0,Fp1/P3,alpha2
641,0.05,0.05,0.05,0.725,0.7,0.525,0.375,T4/Pz,alpha2
642,0.3,0.3,0.275,1.0,1.0,1.0,0.95,F3/C3,alpha2
643,1.0,1.0,1.0,1.0,1.0,1.0,1.0,Fp2/F7,alpha2
644,0.725,0.7,0.7,1.0,1.0,1.0,0.975,F8/Cz,alpha2
645,0.025,0.025,0.025,0.575,0.575,0.3,0.175,Fp2/P4,alpha2
646,0.0,0.0,0.0,0.0,0.0,0.0,0.0,Pz/T6,alpha2
647,0.475,0.4,0.4,1.0,1.0,0.95,0.875,F4/T3,alpha2
648,0.1,0.1,0.1,0.975,0.975,0.85,0.6,T3/O2,alpha2
649,0.05,0.05,0.05,0.75,0.75,0.6,0.375,F8/P3,alpha2
650,1.0,1.0,1.0,1.0,1.0,1.0,1.0,F3/F4,alpha2
651,0.0,0.0,0.0,0.475,0.5,0.275,0.1,Fz/T5,alpha2
652,0.0,0.0,0.0,0.15,0.15,0.075,0.0,C3/P4,alpha2
653,1.0,1.0,1.0,1.0,1.0,1.0,1.0,Fp2/O2,alpha2
654,0.0,0.0,0.0,0.65,0.625,0.5,0.3,F8/T4,alpha2
655,0.175,0.15,0.15,0.925,0.925,0.775,0.5,Fp1/T5,alpha2
656,0.075,0.05,0.05,0.875,0.875,0.675,0.3,T3/P4,alpha2
657,0.0,0.0,0.0,0.05,0.05,0.0,0.0,T3/O1,alpha2
658,0.0,0.0,0.0,0.05,0.05,0.0,0.0,F3/T5,alpha2
659,1.0,1.0,1.0,1.0,1.0,1.0,1.0,F7/T6,alpha2
660,0.0,0.0,0.0,0.65,0.65,0.375,0.225,F8/C4,alpha2
661,0.65,0.625,0.625,1.0,1.0,1.0,0.95,F7/O1,alpha2
662,0.0,0.0,0.0,0.1,0.1,0.05,0.0,O1/O2,alpha2
663,0.275,0.25,0.225,0.925,1.0,0.85,0.775,F7/T3,alpha2
664,1.0,1.0,1.0,1.0,1.0,1.0,1.0,Fp1/F7,alpha2
665,1.0,1.0,1.0,1.0,1.0,1.0,1.0,C3/Cz,alpha2
666,0.4,0.4,0.4,1.0,1.0,0.925,0.8,Fp2/T5,alpha2
667,0.775,0.775,0.75,0.975,0.975,0.95,0.95,F7/P4,alpha2
668,0.975,0.975,0.975,1.0,1.0,1.0,1.0,F4/Cz,alpha2
669,0.35,0.35,0.35,1.0,1.0,1.0,0.9,Cz/T4,alpha2
670,0.6,0.55,0.55,1.0,1.0,0.975,0.95,Fz/O2,alpha2
671,1.0,1.0,1.0,1.0,1.0,1.0,1.0,F3/F8,alpha2
672,1.0,1.0,1.0,1.0,1.0,1.0,1.0,Fz/F4,alpha2
673,0.025,0.025,0.025,0.8,0.825,0.45,0.275,T6/O1,alpha2
674,0.125,0.1,0.1,0.975,0.975,0.9,0.675,T3/P3,alpha2
675,0.0,0.0,0.0,0.05,0.05,0.0,0.0,T4/P3,alpha2
676,0.0,0.0,0.0,0.725,0.7,0.475,0.35,Fp2/C4,alpha2
677,0.0,0.0,0.0,0.525,0.575,0.375,0.15,C4/O2,alpha2
678,0.0,0.0,0.0,0.675,0.675,0.375,0.125,P3/P4,alpha2
679,0.0,0.0,0.0,0.025,0.025,0.025,0.0,P3/O1,alpha2
680,1.0,1.0,1.0,1.0,1.0,1.0,1.0,Fp1/Fz,alpha2
681,1.0,1.0,1.0,1.0,1.0,1.0,1.0,F3/Fz,alpha2
682,0.0,0.0,0.0,0.0,0.0,0.0,0.0,F3/P3,alpha2
683,0.0,0.0,0.0,0.0,0.0,0.0,0.0,Pz/O1,alpha2
684,0.0,0.0,0.0,0.05,0.05,0.025,0.0,Cz/P4,beta1
685,0.0,0.0,0.0,0.075,0.075,0.05,0.0,C4/Pz,beta1
686,0.0,0.0,0.0,0.225,0.225,0.1,0.025,Fp1/T6,beta1
687,0.0,0.0,0.0,0.9,0.9,0.775,0.5,C3/Pz,beta1
688,1.0,1.0,1.0,1.0,1.0,1.0,1.0,Fp2/Fz,beta1
689,0.0,0.0,0.0,0.25,0.25,0.175,0.15,F3/T6,beta1
690,0.05,0.05,0.05,0.8,0.775,0.675,0.475,Fz/T4,beta1
691,0.0,0.0,0.0,0.025,0.025,0.0,0.0,F7/P3,beta1
692,0.9,0.875,0.875,1.0,1.0,1.0,1.0,Fp2/F3,beta1
693,0.0,0.0,0.0,0.0,0.0,0.0,0.0,Pz/P4,beta1
694,0.0,0.0,0.0,0.075,0.075,0.0,0.0,C4/P3,beta1
695,0.925,0.925,0.925,1.0,1.0,1.0,1.0,Fp1/F4,beta1
696,0.0,0.0,0.0,0.05,0.05,0.05,0.025,T5/Pz,beta1
697,0.025,0.025,0.025,0.25,0.275,0.175,0.05,T4/O2,beta1
698,0.15,0.15,0.15,0.95,0.95,0.825,0.625,T6/O2,beta1
699,1.0,1.0,1.0,1.0,1.0,1.0,1.0,F4/F8,beta1
700,0.0,0.0,0.0,0.05,0.025,0.025,0.025,F8/P4,beta1
701,0.0,0.0,0.0,0.0,0.025,0.0,0.0,C4/P4,beta1
702,0.475,0.475,0.475,1.0,1.0,1.0,0.95,F4/T4,beta1
703,0.0,0.0,0.0,0.05,0.025,0.0,0.0,F3/O1,beta1
704,0.4,0.4,0.4,0.975,0.975,0.9,0.75,Fz/Cz,beta1
705,0.0,0.0,0.0,0.05,0.025,0.0,0.0,C3/T4,beta1
706,0.0,0.0,0.0,0.075,0.075,0.025,0.025,Fp1/Pz,beta1
707,0.025,0.025,0.025,0.65,0.65,0.475,0.2,Fp2/T4,beta1
708,0.0,0.0,0.0,0.0,0.0,0.0,0.0,F7/C4,beta1
709,0.975,0.95,0.95,1.0,1.0,1.0,1.0,Fp2/C3,beta1
710,0.0,0.0,0.0,0.0,0.0,0.0,0.0,F4/O2,beta1
711,0.0,0.0,0.0,0.0,0.0,0.0,0.0,T4/T5,beta1
712,0.05,0.05,0.05,0.85,0.875,0.625,0.375,F3/Pz,beta1
713,0.025,0.025,0.025,0.775,0.725,0.5,0.275,C3/O2,beta1
714,0.0,0.0,0.0,0.0,0.0,0.0,0.0,Fp1/O2,beta1
715,0.0,0.0,0.0,0.0,0.0,0.0,0.0,Fp2/T3,beta1
716,0.0,0.0,0.0,0.05,0.05,0.025,0.0,C3/T5,beta1
717,0.5,0.475,0.475,1.0,1.0,0.975,0.9,C4/T4,beta1
718,0.025,0.025,0.025,0.65,0.65,0.475,0.3,P3/O2,beta1
719,0.0,0.0,0.0,0.4,0.425,0.175,0.05,T3/Pz,beta1
720,0.0,0.0,0.0,0.375,0.425,0.2,0.05,P4/T6,beta1
721,0.0,0.0,0.0,0.0,0.0,0.0,0.0,T4/O1,beta1
722,0.0,0.0,0.0,0.0,0.0,0.0,0.0,Fz/T6,beta1
723,0.0,0.0,0.0,0.75,0.775,0.55,0.25,P4/O2,beta1
724,0.0,0.0,0.0,0.0,0.0,0.0,0.0,F4/P3,beta1
725,0.0,0.0,0.0,0.375,0.375,0.175,0.1,F7/Pz,beta1
726,0.0,0.0,0.0,0.85,0.825,0.55,0.3,Cz/O2,beta1
727,0.0,0.0,0.0,0.0,0.0,0.0,0.0,Fp1/T4,beta1
728,0.0,0.0,0.0,0.0,0.025,0.0,0.0,F7/T5,beta1
729,0.0,0.0,0.0,0.0,0.0,0.0,0.0,Fp1/P4,beta1
730,0.025,0.025,0.025,0.6,0.6,0.375,0.225,T3/T5,beta1
731,0.975,0.975,0.975,1.0,1.0,1.0,1.0,Fp1/C3,beta1
732,0.0,0.0,0.0,0.025,0.025,0.0,0.0,T3/T4,beta1
733,0.0,0.0,0.0,0.075,0.05,0.0,0.0,F8/T6,beta1
734,0.025,0.025,0.025,0.825,0.85,0.625,0.325,Fz/T3,beta1
735,0.125,0.125,0.125,0.95,0.95,0.75,0.675,Fz/C4,beta1
736,0.0,0.0,0.0,0.025,0.025,0.0,0.0,F7/T4,beta1
737,0.0,0.0,0.0,0.15,0.225,0.075,0.05,P3/Pz,beta1
738,0.0,0.0,0.0,0.1,0.05,0.0,0.0,F8/O1,beta1
739,0.05,0.05,0.05,0.725,0.7,0.375,0.275,T5/O1,beta1
740,0.0,0.0,0.0,0.525,0.5,0.25,0.075,Cz/T6,beta1
741,0.2,0.2,0.2,0.975,0.975,0.8,0.475,F7/Cz,beta1
742,0.0,0.0,0.0,0.025,0.0,0.0,0.0,Fp2/O1,beta1
743,0.0,0.0,0.0,0.275,0.225,0.175,0.0,T5/P3,beta1
744,0.0,0.0,0.0,0.0,0.0,0.0,0.0,F4/T6,beta1
745,1.0,1.0,1.0,1.0,1.0,1.0,1.0,Fp2/F4,beta1
746,0.425,0.4,0.4,1.0,1.0,1.0,0.975,F7/C3,beta1
747,0.225,0.2,0.2,1.0,1.0,0.975,0.825,Fp1/C4,beta1
748,0.0,0.0,0.0,0.675,0.675,0.425,0.225,Fz/Pz,beta1
749,0.0,0.0,0.0,0.425,0.45,0.2,0.05,C4/T6,beta1
750,0.0,0.0,0.0,0.6,0.6,0.2,0.075,P3/T6,beta1
751,0.0,0.0,0.0,0.05,0.05,0.0,0.0,F7/O2,beta1
752,0.3,0.3,0.3,0.975,0.975,0.975,0.85,F4/C3,beta1
753,0.0,0.0,0.0,0.0,0.05,0.0,0.0,F8/T5,beta1
754,0.175,0.175,0.175,0.975,0.975,0.925,0.8,Fp2/F8,beta1
755,0.125,0.125,0.125,0.85,0.8,0.625,0.425,T3/C3,beta1
756,0.0,0.0,0.0,0.0,0.0,0.0,0.0,Fp1/O1,beta1
757,0.1,0.1,0.1,0.925,0.925,0.75,0.45,F3/C4,beta1
758,0.0,0.0,0.0,0.0,0.0,0.0,0.0,T3/C4,beta1
759,0.0,0.0,0.0,0.0,0.0,0.0,0.0,Fz/P3,beta1
760,0.0,0.0,0.0,0.175,0.175,0.05,0.025,Fp1/F8,beta1
761,0.95,0.95,0.95,1.0,1.0,1.0,1.0,Fp2/Cz,beta1
762,0.0,0.0,0.0,0.025,0.025,0.0,0.0,Fz/O1,beta1
763,0.0,0.0,0.0,0.0,0.0,0.0,0.0,F3/P4,beta1
764,0.0,0.0,0.0,0.25,0.25,0.125,0.025,C4/T5,beta1
765,1.0,1.0,1.0,1.0,1.0,1.0,1.0,F3/Cz,beta1
766,0.0,0.0,0.0,0.0,0.0,0.0,0.0,T3/T6,beta1
767,0.0,0.0,0.0,0.375,0.35,0.2,0.1,C3/C4,beta1
768,0.0,0.0,0.0,0.075,0.1,0.0,0.0,F3/T4,beta1
769,0.075,0.05,0.05,0.95,0.95,0.7,0.35,Fp1/T3,beta1
770,0.0,0.0,0.0,0.225,0.2,0.05,0.025,F8/C3,beta1
771,0.075,0.075,0.075,0.6,0.55,0.45,0.3,Cz/C4,beta1
772,0.0,0.0,0.0,0.025,0.025,0.0,0.0,Cz/P3,beta1
773,0.05,0.05,0.05,0.8,0.8,0.6,0.25,T4/T6,beta1
774,0.0,0.0,0.0,0.0,0.0,0.0,0.0,F3/O2,beta1
775,0.0,0.0,0.0,0.0,0.0,0.0,0.0,F7/F8,beta1
776,1.0,1.0,1.0,1.0,1.0,1.0,1.0,F7/F3,beta1
777,0.0,0.0,0.0,0.475,0.475,0.25,0.05,F8/Pz,beta1
778,0.0,0.0,0.0,0.0,0.0,0.0,0.0,F4/T5,beta1
779,1.0,1.0,1.0,1.0,1.0,1.0,1.0,Fp1/Cz,beta1
780,0.025,0.025,0.025,0.725,0.725,0.475,0.275,T5/O2,beta1
781,0.0,0.0,0.0,0.0,0.0,0.0,0.0,F4/O1,beta1
782,0.0,0.0,0.0,0.0,0.0,0.0,0.0,F8/O2,beta1
783,0.075,0.075,0.075,0.7,0.7,0.375,0.175,T3/Cz,beta1
784,0.0,0.0,0.0,0.0,0.0,0.0,0.0,F8/T3,beta1
785,0.175,0.125,0.1,0.975,0.975,0.95,0.675,Fz/C3,beta1
786,0.425,0.425,0.425,1.0,1.0,0.9,0.8,F3/T3,beta1
787,0.0,0.0,0.0,0.025,0.075,0.0,0.0,C3/O1,beta1
788,0.0,0.0,0.0,0.05,0.05,0.025,0.0,Fp2/T6,beta1
789,0.0,0.0,0.0,0.475,0.45,0.225,0.05,Pz/O2,beta1
790,0.0,0.0,0.0,0.35,0.35,0.1,0.025,T5/P4,beta1
791,0.0,0.0,0.0,0.1,0.05,0.0,0.0,Cz/T5,beta1
792,0.0,0.0,0.0,0.0,0.0,0.0,0.0,C3/P3,beta1
793,0.225,0.225,0.225,1.0,1.0,0.95,0.75,Fz/F8,beta1
794,0.0,0.0,0.0,0.3,0.3,0.15,0.075,Cz/O1,beta1
795,0.0,0.0,0.0,0.675,0.625,0.275,0.125,C4/O1,beta1
796,0.125,0.125,0.125,0.925,0.9,0.675,0.425,T4/P4,beta1
797,0.0,0.0,0.0,0.0,0.0,0.0,0.0,P4/O1,beta1
798,0.0,0.0,0.0,0.0,0.0,0.0,0.0,T5/T6,beta1
799,1.0,1.0,1.0,1.0,1.0,1.0,1.0,Fp1/F3,beta1
800,0.0,0.0,0.0,0.45,0.5,0.25,0.2,Cz/Pz,beta1
801,0.0,0.0,0.0,0.025,0.025,0.025,0.0,F4/P4,beta1
802,0.0,0.0,0.0,0.0,0.0,0.0,0.0,Fz/P4,beta1
803,0.0,0.0,0.0,0.275,0.275,0.175,0.05,Fp2/Pz,beta1
804,0.45,0.425,0.425,1.0,1.0,1.0,0.925,F7/Fz,beta1
805,0.0,0.0,0.0,0.65,0.65,0.25,0.1,F4/Pz,beta1
806,0.025,0.025,0.025,0.875,0.875,0.6,0.35,Fp1/Fp2,beta1
807,0.0,0.0,0.0,0.0,0.0,0.0,0.0,Fp2/P3,beta1
808,0.0,0.0,0.0,0.0,0.0,0.0,0.0,C3/T6,beta1
809,0.425,0.4,0.4,1.0,1.0,0.95,0.875,F4/C4,beta1
810,0.0,0.0,0.0,0.6,0.625,0.375,0.175,F7/F4,beta1
811,0.0,0.0,0.0,0.0,0.0,0.0,0.0,Fp1/P3,beta1
812,0.0,0.0,0.0,0.175,0.2,0.075,0.0,T4/Pz,beta1
813,0.9,0.9,0.9,1.0,1.0,1.0,1.0,F3/C3,beta1
814,0.0,0.0,0.0,0.525,0.55,0.3,0.1,Fp2/F7,beta1
815,0.175,0.125,0.125,0.9,0.875,0.625,0.325,F8/Cz,beta1
816,0.0,0.0,0.0,0.15,0.1,0.025,0.0,Fp2/P4,beta1
817,0.025,0.025,0.025,0.9,0.875,0.55,0.225,Pz/T6,beta1
818,0.0,0.0,0.0,0.075,0.075,0.0,0.0,F4/T3,beta1
819,0.0,0.0,0.0,0.0,0.0,0.0,0.0,T3/O2,beta1
820,0.0,0.0,0.0,0.0,0.0,0.0,0.0,F8/P3,beta1
821,0.35,0.35,0.35,1.0,1.0,0.975,0.925,F3/F4,beta1
822,0.0,0.0,0.0,0.0,0.0,0.0,0.0,Fz/T5,beta1
823,0.0,0.0,0.0,0.025,0.025,0.0,0.0,C3/P4,beta1
824,0.0,0.0,0.0,0.0,0.0,0.0,0.0,Fp2/O2,beta1
825,0.15,0.125,0.125,0.975,0.975,0.925,0.7,F8/T4,beta1
826,0.0,0.0,0.0,0.325,0.325,0.125,0.0,Fp1/T5,beta1
827,0.0,0.0,0.0,0.0,0.0,0.0,0.0,T3/P4,beta1
828,0.0,0.0,0.0,0.075,0.075,0.05,0.0,T3/O1,beta1
829,0.0,0.0,0.0,0.0,0.0,0.0,0.0,F3/T5,beta1
830,0.15,0.15,0.15,0.95,0.95,0.8,0.5,F7/T6,beta1
831,0.025,0.025,0.025,0.7,0.675,0.375,0.225,F8/C4,beta1
832,0.0,0.0,0.0,0.0,0.0,0.0,0.0,F7/O1,beta1
833,0.05,0.05,0.05,0.875,0.85,0.725,0.475,O1/O2,beta1
834,0.625,0.625,0.625,1.0,1.0,1.0,0.95,F7/T3,beta1
835,1.0,1.0,1.0,1.0,1.0,1.0,1.0,Fp1/F7,beta1
836,0.225,0.225,0.225,0.975,0.975,0.95,0.675,C3/Cz,beta1
837,0.0,0.0,0.0,0.0,0.0,0.0,0.0,Fp2/T5,beta1
838,0.0,0.0,0.0,0.0,0.0,0.0,0.0,F7/P4,beta1
839,0.675,0.675,0.675,1.0,1.0,0.975,0.95,F4/Cz,beta1
840,0.05,0.05,0.05,0.925,0.95,0.775,0.525,Cz/T4,beta1
841,0.0,0.0,0.0,0.0,0.0,0.0,0.0,Fz/O2,beta1
842,0.0,0.0,0.0,0.775,0.725,0.575,0.275,F3/F8,beta1
843,1.0,1.0,1.0,1.0,1.0,1.0,1.0,Fz/F4,beta1
844,0.0,0.0,0.0,0.25,0.325,0.125,0.025,T6/O1,beta1
845,0.05,0.05,0.05,1.0,1.0,0.875,0.625,T3/P3,beta1
846,0.0,0.0,0.0,0.025,0.025,0.0,0.0,T4/P3,beta1
847,0.9,0.875,0.875,1.0,1.0,1.0,1.0,Fp2/C4,beta1
848,0.0,0.0,0.0,0.2,0.2,0.075,0.025,C4/O2,beta1
849,0.0,0.0,0.0,0.0,0.05,0.0,0.0,P3/P4,beta1
850,0.0,0.0,0.0,0.325,0.325,0.125,0.025,P3/O1,beta1
851,1.0,1.0,1.0,1.0,1.0,1.0,1.0,Fp1/Fz,beta1
852,1.0,1.0,1.0,1.0,1.0,1.0,1.0,F3/Fz,beta1
853,0.0,0.0,0.0,0.0,0.025,0.0,0.0,F3/P3,beta1
854,0.0,0.0,0.0,0.025,0.025,0.025,0.0,Pz/O1,beta1
855,0.0,0.0,0.0,0.275,0.25,0.125,0.05,Cz/P4,beta2
856,0.0,0.0,0.0,0.15,0.175,0.05,0.025,C4/Pz,beta2
857,0.0,0.0,0.0,0.025,0.025,0.0,0.0,Fp1/T6,beta2
858,0.0,0.0,0.0,0.375,0.55,0.225,0.025,C3/Pz,beta2
859,0.95,0.95,0.95,1.0,1.0,1.0,1.0,Fp2/Fz,beta2
860,0.0,0.0,0.0,0.05,0.05,0.025,0.0,F3/T6,beta2
861,0.0,0.0,0.0,0.55,0.5,0.325,0.15,Fz/T4,beta2
862,0.0,0.0,0.0,0.025,0.025,0.0,0.0,F7/P3,beta2
863,0.1,0.1,0.1,1.0,0.975,0.925,0.675,Fp2/F3,beta2
864,0.0,0.0,0.0,0.0,0.025,0.0,0.0,Pz/P4,beta2
865,0.0,0.0,0.0,0.05,0.075,0.025,0.0,C4/P3,beta2
866,0.5,0.5,0.5,1.0,0.975,0.95,0.925,Fp1/F4,beta2
867,0.0,0.0,0.0,0.0,0.0,0.0,0.0,T5/Pz,beta2
868,0.1,0.1,0.1,0.875,0.85,0.55,0.325,T4/O2,beta2
869,0.475,0.45,0.45,1.0,1.0,1.0,0.95,T6/O2,beta2
870,1.0,1.0,1.0,1.0,1.0,1.0,1.0,F4/F8,beta2
871,0.0,0.0,0.0,0.0,0.0,0.0,0.0,F8/P4,beta2
872,0.0,0.0,0.0,0.0,0.0,0.0,0.0,C4/P4,beta2
873,0.425,0.375,0.375,1.0,1.0,0.95,0.875,F4/T4,beta2
874,0.0,0.0,0.0,0.0,0.0,0.0,0.0,F3/O1,beta2
875,0.0,0.0,0.0,0.35,0.325,0.075,0.075,Fz/Cz,beta2
876,0.0,0.0,0.0,0.0,0.0,0.0,0.0,C3/T4,beta2
877,0.0,0.0,0.0,0.0,0.0,0.0,0.0,Fp1/Pz,beta2
878,0.0,0.0,0.0,0.35,0.275,0.175,0.0,Fp2/T4,beta2
879,0.0,0.0,0.0,0.025,0.025,0.0,0.0,F7/C4,beta2
880,0.0,0.0,0.0,0.25,0.2,0.075,0.025,Fp2/C3,beta2
881,0.0,0.0,0.0,0.0,0.0,0.0,0.0,F4/O2,beta2
882,0.0,0.0,0.0,0.0,0.0,0.0,0.0,T4/T5,beta2
883,0.0,0.0,0.0,0.6,0.575,0.375,0.075,F3/Pz,beta2
884,0.225,0.225,0.2,1.0,0.975,0.975,0.8,C3/O2,beta2
885,0.0,0.0,0.0,0.0,0.0,0.0,0.0,Fp1/O2,beta2
886,0.0,0.0,0.0,0.025,0.0,0.0,0.0,Fp2/T3,beta2
887,0.0,0.0,0.0,0.025,0.0,0.0,0.0,C3/T5,beta2
888,0.725,0.725,0.725,1.0,1.0,1.0,0.95,C4/T4,beta2
889,0.275,0.275,0.275,0.95,0.95,0.85,0.7,P3/O2,beta2
890,0.0,0.0,0.0,0.325,0.325,0.1,0.025,T3/Pz,beta2
891,0.025,0.0,0.0,0.875,0.875,0.625,0.325,P4/T6,beta2
892,0.0,0.0,0.0,0.05,0.075,0.0,0.0,T4/O1,beta2
893,0.0,0.0,0.0,0.0,0.0,0.0,0.0,Fz/T6,beta2
894,0.0,0.0,0.0,0.85,0.9,0.7,0.375,P4/O2,beta2
895,0.0,0.0,0.0,0.0,0.0,0.0,0.0,F4/P3,beta2
896,0.0,0.0,0.0,0.0,0.0,0.0,0.0,F7/Pz,beta2
897,0.25,0.2,0.2,1.0,1.0,0.95,0.775,Cz/O2,beta2
898,0.0,0.0,0.0,0.175,0.175,0.1,0.025,Fp1/T4,beta2
899,0.0,0.0,0.0,0.0,0.0,0.0,0.0,F7/T5,beta2
900,0.0,0.0,0.0,0.025,0.025,0.0,0.0,Fp1/P4,beta2
901,0.05,0.05,0.05,0.85,0.9,0.675,0.325,T3/T5,beta2
902,0.325,0.275,0.275,1.0,1.0,0.975,0.9,Fp1/C3,beta2
903,0.0,0.0,0.0,0.05,0.05,0.0,0.0,T3/T4,beta2
904,0.0,0.0,0.0,0.0,0.0,0.0,0.0,F8/T6,beta2
905,0.0,0.0,0.0,0.075,0.1,0.05,0.025,Fz/T3,beta2
906,0.0,0.0,0.0,0.325,0.45,0.225,0.0,Fz/C4,beta2
907,0.0,0.0,0.0,0.05,0.075,0.025,0.0,F7/T4,beta2
908,0.0,0.0,0.0,0.1,0.225,0.05,0.025,P3/Pz,beta2
909,0.0,0.0,0.0,0.0,0.0,0.0,0.0,F8/O1,beta2
910,0.45,0.425,0.425,1.0,1.0,1.0,0.9,T5/O1,beta2
911,0.0,0.0,0.0,0.0,0.025,0.0,0.0,Cz/T6,beta2
912,0.0,0.0,0.0,0.125,0.125,0.0,0.0,F7/Cz,beta2
913,0.0,0.0,0.0,0.25,0.3,0.025,0.0,Fp2/O1,beta2
914,0.025,0.025,0.025,0.8,0.85,0.55,0.275,T5/P3,beta2
915,0.0,0.0,0.0,0.025,0.025,0.0,0.0,F4/T6,beta2
916,1.0,1.0,1.0,1.0,1.0,1.0,1.0,Fp2/F4,beta2
917,0.0,0.0,0.0,0.75,0.775,0.6,0.325,F7/C3,beta2
918,0.0,0.0,0.0,0.125,0.125,0.05,0.025,Fp1/C4,beta2
919,0.0,0.0,0.0,0.025,0.05,0.0,0.0,Fz/Pz,beta2
920,0.0,0.0,0.0,0.0,0.0,0.0,0.0,C4/T6,beta2
921,0.0,0.0,0.0,0.275,0.275,0.175,0.025,P3/T6,beta2
922,0.0,0.0,0.0,0.0,0.0,0.0,0.0,F7/O2,beta2
923,0.0,0.0,0.0,0.2,0.2,0.1,0.0,F4/C3,beta2
924,0.025,0.025,0.025,0.6,0.6,0.35,0.125,F8/T5,beta2
925,0.5,0.475,0.475,1.0,1.0,1.0,0.925,Fp2/F8,beta2
926,0.2,0.2,0.2,0.875,0.875,0.725,0.525,T3/C3,beta2
927,0.0,0.0,0.0,0.0,0.0,0.0,0.0,Fp1/O1,beta2
928,0.0,0.0,0.0,0.375,0.375,0.075,0.025,F3/C4,beta2
929,0.0,0.0,0.0,0.0,0.025,0.0,0.0,T3/C4,beta2
930,0.0,0.0,0.0,0.0,0.0,0.0,0.0,Fz/P3,beta2
931,0.0,0.0,0.0,0.075,0.1,0.05,0.025,Fp1/F8,beta2
932,0.275,0.275,0.275,0.975,0.975,0.825,0.6,Fp2/Cz,beta2
933,0.0,0.0,0.0,0.3,0.3,0.125,0.025,Fz/O1,beta2
934,0.0,0.0,0.0,0.0,0.0,0.0,0.0,F3/P4,beta2
935,0.0,0.0,0.0,0.075,0.075,0.0,0.0,C4/T5,beta2
936,0.225,0.225,0.225,1.0,1.0,0.95,0.775,F3/Cz,beta2
937,0.0,0.0,0.0,0.0,0.0,0.0,0.0,T3/T6,beta2
938,0.0,0.0,0.0,0.0,0.0,0.0,0.0,C3/C4,beta2
939,0.0,0.0,0.0,0.0,0.0,0.0,0.0,F3/T4,beta2
940,0.0,0.0,0.0,0.15,0.15,0.025,0.0,Fp1/T3,beta2
941,0.0,0.0,0.0,0.0,0.0,0.0,0.0,F8/C3,beta2
942,0.0,0.0,0.0,0.55,0.65,0.4,0.225,Cz/C4,beta2
943,0.0,0.0,0.0,0.1,0.05,0.025,0.0,Cz/P3,beta2
944,0.0,0.0,0.0,0.925,0.95,0.7,0.5,T4/T6,beta2
945,0.0,0.0,0.0,0.0,0.0,0.0,0.0,F3/O2,beta2
946,0.0,0.0,0.0,0.225,0.2,0.075,0.05,F7/F8,beta2
947,0.95,0.95,0.95,1.0,1.0,1.0,1.0,F7/F3,beta2
948,0.0,0.0,0.0,0.0,0.0,0.0,0.0,F8/Pz,beta2
949,0.0,0.0,0.0,0.025,0.025,0.0,0.0,F4/T5,beta2
950,0.45,0.4,0.375,1.0,1.0,1.0,0.95,Fp1/Cz,beta2
951,0.025,0.025,0.0,0.575,0.575,0.35,0.15,T5/O2,beta2
952,0.0,0.0,0.0,0.0,0.0,0.0,0.0,F4/O1,beta2
953,0.0,0.0,0.0,0.0,0.0,0.0,0.0,F8/O2,beta2
954,0.0,0.0,0.0,0.425,0.4,0.175,0.075,T3/Cz,beta2
955,0.0,0.0,0.0,0.225,0.225,0.05,0.025,F8/T3,beta2
956,0.0,0.0,0.0,0.025,0.025,0.0,0.0,Fz/C3,beta2
957,0.3,0.3,0.3,0.975,0.925,0.85,0.675,F3/T3,beta2
958,0.0,0.0,0.0,0.0,0.0,0.0,0.0,C3/O1,beta2
959,0.0,0.0,0.0,0.0,0.0,0.0,0.0,Fp2/T6,beta2
960,0.025,0.025,0.025,0.9,0.875,0.575,0.325,Pz/O2,beta2
961,0.0,0.0,0.0,0.325,0.35,0.2,0.075,T5/P4,beta2
962,0.0,0.0,0.0,0.0,0.0,0.0,0.0,Cz/T5,beta2
963,0.0,0.0,0.0,0.0,0.0,0.0,0.0,C3/P3,beta2
964,0.0,0.0,0.0,0.4,0.375,0.125,0.075,Fz/F8,beta2
965,0.1,0.1,0.1,0.75,0.775,0.475,0.4,Cz/O1,beta2
966,0.025,0.025,0.025,0.75,0.725,0.6,0.375,C4/O1,beta2
967,0.575,0.525,0.5,0.975,1.0,0.95,0.925,T4/P4,beta2
968,0.05,0.05,0.05,0.55,0.525,0.3,0.125,P4/O1,beta2
969,0.0,0.0,0.0,0.025,0.025,0.0,0.0,T5/T6,beta2
970,1.0,1.0,1.0,1.0,1.0,1.0,1.0,Fp1/F3,beta2
971,0.0,0.0,0.0,0.05,0.025,0.025,0.0,Cz/Pz,beta2
972,0.0,0.0,0.0,0.075,0.075,0.025,0.0,F4/P4,beta2
973,0.0,0.0,0.0,0.025,0.025,0.0,0.0,Fz/P4,beta2
974,0.0,0.0,0.0,0.0,0.0,0.0,0.0,Fp2/Pz,beta2
975,0.0,0.0,0.0,0.325,0.325,0.275,0.1,F7/Fz,beta2
976,0.0,0.0,0.0,0.275,0.225,0.15,0.0,F4/Pz,beta2
977,0.475,0.45,0.45,1.0,1.0,1.0,0.975,Fp1/Fp2,beta2
978,0.0,0.0,0.0,0.075,0.15,0.025,0.0,Fp2/P3,beta2
979,0.0,0.0,0.0,0.15,0.125,0.025,0.0,C3/T6,beta2
980,0.15,0.15,0.15,0.95,0.95,0.725,0.575,F4/C4,beta2
981,0.0,0.0,0.0,0.025,0.025,0.0,0.0,F7/F4,beta2
982,0.0,0.0,0.0,0.0,0.0,0.0,0.0,Fp1/P3,beta2
983,0.025,0.025,0.025,0.65,0.65,0.4,0.075,T4/Pz,beta2
984,0.5,0.5,0.475,1.0,1.0,1.0,0.925,F3/C3,beta2
985,0.0,0.0,0.0,0.1,0.1,0.025,0.0,Fp2/F7,beta2
986,0.0,0.0,0.0,0.125,0.15,0.05,0.0,F8/Cz,beta2
987,0.0,0.0,0.0,0.025,0.025,0.0,0.0,Fp2/P4,beta2
988,0.0,0.0,0.0,0.0,0.0,0.0,0.0,Pz/T6,beta2
989,0.0,0.0,0.0,0.0,0.0,0.0,0.0,F4/T3,beta2
990,0.0,0.0,0.0,0.025,0.05,0.0,0.0,T3/O2,beta2
991,0.0,0.0,0.0,0.125,0.15,0.025,0.025,F8/P3,beta2
992,0.0,0.0,0.0,0.65,0.65,0.5,0.25,F3/F4,beta2
993,0.0,0.0,0.0,0.0,0.0,0.0,0.0,Fz/T5,beta2
994,0.0,0.0,0.0,0.2,0.225,0.05,0.0,C3/P4,beta2
995,0.0,0.0,0.0,0.0,0.0,0.0,0.0,Fp2/O2,beta2
996,0.65,0.65,0.6,1.0,1.0,1.0,0.975,F8/T4,beta2
997,0.0,0.0,0.0,0.025,0.025,0.0,0.0,Fp1/T5,beta2
998,0.0,0.0,0.0,0.025,0.025,0.025,0.025,T3/P4,beta2
999,0.0,0.0,0.0,0.275,0.275,0.125,0.05,T3/O1,beta2
1000,0.0,0.0,0.0,0.0,0.0,0.0,0.0,F3/T5,beta2
1001,0.0,0.0,0.0,0.375,0.275,0.1,0.025,F7/T6,beta2
1002,0.075,0.075,0.075,0.8,0.8,0.625,0.275,F8/C4,beta2
1003,0.0,0.0,0.0,0.025,0.025,0.025,0.0,F7/O1,beta2
1004,0.375,0.35,0.35,1.0,1.0,0.95,0.65,O1/O2,beta2
1005,0.35,0.35,0.35,0.975,0.925,0.875,0.85,F7/T3,beta2
1006,1.0,1.0,1.0,1.0,1.0,1.0,1.0,Fp1/F7,beta2
1007,0.0,0.0,0.0,0.2,0.25,0.075,0.025,C3/Cz,beta2
1008,0.0,0.0,0.0,0.2,0.225,0.075,0.0,Fp2/T5,beta2
1009,0.0,0.0,0.0,0.175,0.125,0.025,0.0,F7/P4,beta2
1010,0.2,0.2,0.2,0.925,0.9,0.8,0.45,F4/Cz,beta2
1011,0.05,0.05,0.05,0.85,0.85,0.675,0.35,Cz/T4,beta2
1012,0.0,0.0,0.0,0.025,0.025,0.0,0.0,Fz/O2,beta2
1013,0.0,0.0,0.0,0.0,0.0,0.0,0.0,F3/F8,beta2
1014,0.65,0.625,0.625,1.0,1.0,1.0,0.975,Fz/F4,beta2
1015,0.0,0.0,0.0,0.075,0.075,0.0,0.0,T6/O1,beta2
1016,0.175,0.175,0.175,0.975,0.95,0.825,0.675,T3/P3,beta2
1017,0.0,0.0,0.0,0.0,0.0,0.0,0.0,T4/P3,beta2
1018,0.125,0.125,0.125,0.95,0.95,0.8,0.5,Fp2/C4,beta2
1019,0.0,0.0,0.0,0.0,0.0,0.0,0.0,C4/O2,beta2
1020,0.0,0.0,0.0,0.35,0.375,0.275,0.175,P3/P4,beta2
1021,0.0,0.0,0.0,0.65,0.725,0.45,0.225,P3/O1,beta2
1022,1.0,1.0,1.0,1.0,1.0,1.0,1.0,Fp1/Fz,beta2
1023,0.3,0.25,0.225,1.0,1.0,0.95,0.875,F3/Fz,beta2
1024,0.0,0.0,0.0,0.075,0.075,0.025,0.025,F3/P3,beta2
1025,0.0,0.0,0.0,0.25,0.25,0.15,0.0,Pz/O1,beta2
1026,0.0,0.0,0.0,0.0,0.0,0.0,0.0,Cz/P4,gamma
1027,0.0,0.0,0.0,0.025,0.05,0.0,0.0,C4/Pz,gamma
1028,0.0,0.0,0.0,0.225,0.225,0.025,0.025,Fp1/T6,gamma
1029,0.0,0.0,0.0,0.1,0.125,0.05,0.0,C3/Pz,gamma
1030,0.0,0.0,0.0,0.125,0.175,0.075,0.025,Fp2/Fz,gamma
1031,0.0,0.0,0.0,0.0,0.0,0.0,0.0,F3/T6,gamma
1032,0.0,0.0,0.0,0.125,0.1,0.075,0.025,Fz/T4,gamma
1033,0.0,0.0,0.0,0.05,0.05,0.0,0.0,F7/P3,gamma
1034,0.0,0.0,0.0,0.025,0.05,0.0,0.0,Fp2/F3,gamma
1035,0.0,0.0,0.0,0.0,0.0,0.0,0.0,Pz/P4,gamma
1036,0.0,0.0,0.0,0.0,0.0,0.0,0.0,C4/P3,gamma
1037,0.0,0.0,0.0,0.325,0.325,0.15,0.05,Fp1/F4,gamma
1038,0.0,0.0,0.0,0.5,0.55,0.275,0.1,T5/Pz,gamma
1039,0.025,0.025,0.025,0.9,0.875,0.5,0.2,T4/O2,gamma
1040,0.0,0.0,0.0,0.7,0.65,0.4,0.15,T6/O2,gamma
1041,0.35,0.325,0.3,1.0,1.0,0.95,0.825,F4/F8,gamma
1042,0.0,0.0,0.0,0.1,0.175,0.0,0.0,F8/P4,gamma
1043,0.0,0.0,0.0,0.0,0.0,0.0,0.0,C4/P4,gamma
1044,0.225,0.225,0.225,1.0,1.0,0.875,0.775,F4/T4,gamma
1045,0.0,0.0,0.0,0.0,0.0,0.0,0.0,F3/O1,gamma
1046,0.0,0.0,0.0,0.0,0.0,0.0,0.0,Fz/Cz,gamma
1047,0.0,0.0,0.0,0.05,0.05,0.025,0.0,C3/T4,gamma
1048,0.0,0.0,0.0,0.0,0.0,0.0,0.0,Fp1/Pz,gamma
1049,0.0,0.0,0.0,0.025,0.025,0.0,0.0,Fp2/T4,gamma
1050,0.075,0.075,0.075,0.825,0.825,0.625,0.4,F7/C4,gamma
1051,0.0,0.0,0.0,0.0,0.0,0.0,0.0,Fp2/C3,gamma
1052,0.0,0.0,0.0,0.125,0.1,0.025,0.0,F4/O2,gamma
1053,0.0,0.0,0.0,0.0,0.0,0.0,0.0,T4/T5,gamma
1054,0.0,0.0,0.0,0.05,0.05,0.0,0.0,F3/Pz,gamma
1055,0.0,0.0,0.0,0.0,0.0,0.0,0.0,C3/O2,gamma
1056,0.0,0.0,0.0,0.0,0.0,0.0,0.0,Fp1/O2,gamma
1057,0.0,0.0,0.0,0.075,0.05,0.025,0.0,Fp2/T3,gamma
1058,0.0,0.0,0.0,0.325,0.3,0.125,0.025,C3/T5,gamma
1059,0.0,0.0,0.0,0.6,0.55,0.325,0.1,C4/T4,gamma
1060,0.0,0.0,0.0,0.0,0.0,0.0,0.0,P3/O2,gamma
1061,0.0,0.0,0.0,0.05,0.05,0.05,0.0,T3/Pz,gamma
1062,0.0,0.0,0.0,0.975,1.0,0.7,0.45,P4/T6,gamma
1063,0.0,0.0,0.0,0.0,0.0,0.0,0.0,T4/O1,gamma
1064,0.0,0.0,0.0,0.025,0.025,0.025,0.0,Fz/T6,gamma
1065,0.0,0.0,0.0,0.85,0.925,0.725,0.425,P4/O2,gamma
1066,0.0,0.0,0.0,0.0,0.0,0.0,0.0,F4/P3,gamma
1067,0.0,0.0,0.0,0.225,0.2,0.025,0.025,F7/Pz,gamma
1068,0.0,0.0,0.0,0.0,0.0,0.0,0.0,Cz/O2,gamma
1069,0.0,0.0,0.0,0.325,0.3,0.25,0.075,Fp1/T4,gamma
1070,0.0,0.0,0.0,0.05,0.05,0.0,0.0,F7/T5,gamma
1071,0.0,0.0,0.0,0.05,0.025,0.0,0.0,Fp1/P4,gamma
1072,0.0,0.0,0.0,0.4,0.375,0.225,0.05,T3/T5,gamma
1073,0.0,0.0,0.0,0.0,0.0,0.0,0.0,Fp1/C3,gamma
1074,0.0,0.0,0.0,0.05,0.075,0.025,0.0,T3/T4,gamma
1075,0.0,0.0,0.0,0.0,0.0,0.0,0.0,F8/T6,gamma
1076,0.0,0.0,0.0,0.0,0.0,0.0,0.0,Fz/T3,gamma
1077,0.0,0.0,0.0,0.0,0.0,0.0,0.0,Fz/C4,gamma
1078,0.0,0.0,0.0,0.2,0.225,0.075,0.0,F7/T4,gamma
1079,0.0,0.0,0.0,0.075,0.15,0.05,0.0,P3/Pz,gamma
1080,0.025,0.025,0.025,0.325,0.35,0.175,0.075,F8/O1,gamma
1081,0.25,0.25,0.25,1.0,0.975,0.9,0.8,T5/O1,gamma
1082,0.0,0.0,0.0,0.025,0.025,0.025,0.0,Cz/T6,gamma
1083,0.025,0.025,0.025,0.7,0.675,0.35,0.125,F7/Cz,gamma
1084,0.025,0.025,0.025,0.825,0.825,0.625,0.35,Fp2/O1,gamma
1085,0.075,0.075,0.075,0.95,0.95,0.925,0.675,T5/P3,gamma
1086,0.025,0.025,0.025,0.45,0.475,0.175,0.15,F4/T6,gamma
1087,1.0,0.975,0.975,1.0,1.0,1.0,1.0,Fp2/F4,gamma
1088,0.0,0.0,0.0,0.025,0.0,0.0,0.0,F7/C3,gamma
1089,0.0,0.0,0.0,0.125,0.125,0.05,0.0,Fp1/C4,gamma
1090,0.0,0.0,0.0,0.0,0.05,0.0,0.0,Fz/Pz,gamma
1091,0.0,0.0,0.0,0.7,0.675,0.35,0.2,C4/T6,gamma
1092,0.0,0.0,0.0,0.025,0.025,0.0,0.0,P3/T6,gamma
1093,0.0,0.0,0.0,0.15,0.15,0.025,0.0,F7/O2,gamma
1094,0.0,0.0,0.0,0.0,0.0,0.0,0.0,F4/C3,gamma
1095,0.025,0.025,0.025,0.275,0.225,0.1,0.025,F8/T5,gamma
1096,0.0,0.0,0.0,0.75,0.775,0.475,0.3,Fp2/F8,gamma
1097,0.0,0.0,0.0,0.15,0.125,0.075,0.0,T3/C3,gamma
1098,0.0,0.0,0.0,0.025,0.025,0.0,0.0,Fp1/O1,gamma
1099,0.0,0.0,0.0,0.025,0.025,0.0,0.0,F3/C4,gamma
1100,0.0,0.0,0.0,0.025,0.025,0.0,0.0,T3/C4,gamma
1101,0.0,0.0,0.0,0.0,0.0,0.0,0.0,Fz/P3,gamma
1102,0.0,0.0,0.0,0.0,0.0,0.0,0.0,Fp1/F8,gamma
1103,0.0,0.0,0.0,0.0,0.0,0.0,0.0,Fp2/Cz,gamma
1104,0.0,0.0,0.0,0.0,0.0,0.0,0.0,Fz/O1,gamma
1105,0.0,0.0,0.0,0.0,0.0,0.0,0.0,F3/P4,gamma
1106,0.0,0.0,0.0,0.0,0.0,0.0,0.0,C4/T5,gamma
1107,0.0,0.0,0.0,0.075,0.05,0.0,0.0,F3/Cz,gamma
1108,0.0,0.0,0.0,0.05,0.05,0.0,0.0,T3/T6,gamma
1109,0.0,0.0,0.0,0.0,0.0,0.0,0.0,C3/C4,gamma
1110,0.0,0.0,0.0,0.0,0.025,0.0,0.0,F3/T4,gamma
1111,0.0,0.0,0.0,0.0,0.0,0.0,0.0,Fp1/T3,gamma
1112,0.3,0.275,0.275,1.0,1.0,0.95,0.8,F8/C3,gamma
1113,0.0,0.0,0.0,0.0,0.025,0.0,0.0,Cz/C4,gamma
1114,0.0,0.0,0.0,0.025,0.025,0.0,0.0,Cz/P3,gamma
1115,0.05,0.05,0.05,0.85,0.875,0.675,0.4,T4/T6,gamma
1116,0.0,0.0,0.0,0.0,0.0,0.0,0.0,F3/O2,gamma
1117,0.0,0.0,0.0,0.325,0.325,0.15,0.025,F7/F8,gamma
1118,0.175,0.15,0.15,0.925,0.9,0.825,0.575,F7/F3,gamma
1119,0.0,0.0,0.0,0.275,0.275,0.05,0.025,F8/Pz,gamma
1120,0.0,0.0,0.0,0.025,0.0,0.0,0.0,F4/T5,gamma
1121,0.0,0.0,0.0,0.0,0.0,0.0,0.0,Fp1/Cz,gamma
1122,0.0,0.0,0.0,0.0,0.0,0.0,0.0,T5/O2,gamma
1123,0.0,0.0,0.0,0.0,0.0,0.0,0.0,F4/O1,gamma
1124,0.0,0.0,0.0,0.1,0.1,0.025,0.0,F8/O2,gamma
1125,0.0,0.0,0.0,0.0,0.0,0.0,0.0,T3/Cz,gamma
1126,0.0,0.0,0.0,0.175,0.175,0.025,0.0,F8/T3,gamma
1127,0.0,0.0,0.0,0.0,0.0,0.0,0.0,Fz/C3,gamma
1128,0.0,0.0,0.0,0.375,0.3,0.1,0.1,F3/T3,gamma
1129,0.0,0.0,0.0,0.125,0.125,0.025,0.0,C3/O1,gamma
1130,0.0,0.0,0.0,0.05,0.025,0.025,0.0,Fp2/T6,gamma
1131,0.0,0.0,0.0,0.0,0.0,0.0,0.0,Pz/O2,gamma
1132,0.0,0.0,0.0,0.0,0.0,0.0,0.0,T5/P4,gamma
1133,0.0,0.0,0.0,0.425,0.4,0.1,0.025,Cz/T5,gamma
1134,0.0,0.0,0.0,0.0,0.0,0.0,0.0,C3/P3,gamma
1135,0.0,0.0,0.0,0.275,0.25,0.05,0.0,Fz/F8,gamma
1136,0.0,0.0,0.0,0.0,0.0,0.0,0.0,Cz/O1,gamma
1137,0.0,0.0,0.0,0.0,0.0,0.0,0.0,C4/O1,gamma
1138,0.0,0.0,0.0,0.575,0.55,0.25,0.125,T4/P4,gamma
1139,0.0,0.0,0.0,0.0,0.0,0.0,0.0,P4/O1,gamma
1140,0.0,0.0,0.0,0.0,0.0,0.0,0.0,T5/T6,gamma
1141,0.25,0.25,0.25,1.0,1.0,0.975,0.775,Fp1/F3,gamma
1142,0.0,0.0,0.0,0.0,0.0,0.0,0.0,Cz/Pz,gamma
1143,0.0,0.0,0.0,0.05,0.05,0.0,0.0,F4/P4,gamma
1144,0.0,0.0,0.0,0.0,0.0,0.0,0.0,Fz/P4,gamma
1145,0.0,0.0,0.0,0.0,0.0,0.0,0.0,Fp2/Pz,gamma
1146,0.0,0.0,0.0,0.1,0.1,0.075,0.025,F7/Fz,gamma
1147,0.0,0.0,0.0,0.0,0.0,0.0,0.0,F4/Pz,gamma
1148,0.0,0.0,0.0,0.775,0.75,0.475,0.3,Fp1/Fp2,gamma
1149,0.0,0.0,0.0,0.275,0.275,0.05,0.0,Fp2/P3,gamma
1150,0.0,0.0,0.0,0.0,0.0,0.0,0.0,C3/T6,gamma
1151,0.0,0.0,0.0,0.3,0.375,0.175,0.05,F4/C4,gamma
1152,0.0,0.0,0.0,0.1,0.1,0.05,0.0,F7/F4,gamma
1153,0.0,0.0,0.0,0.0,0.0,0.0,0.0,Fp1/P3,gamma
1154,0.0,0.0,0.0,0.1,0.1,0.0,0.0,T4/Pz,gamma
1155,0.0,0.0,0.0,0.2,0.225,0.075,0.025,F3/C3,gamma
1156,0.0,0.0,0.0,0.0,0.0,0.0,0.0,Fp2/F7,gamma
1157,0.0,0.0,0.0,0.525,0.575,0.3,0.05,F8/Cz,gamma
1158,0.0,0.0,0.0,0.0,0.0,0.0,0.0,Fp2/P4,gamma
1159,0.0,0.0,0.0,0.025,0.025,0.0,0.0,Pz/T6,gamma
1160,0.0,0.0,0.0,0.0,0.0,0.0,0.0,F4/T3,gamma
1161,0.0,0.0,0.0,0.0,0.0,0.0,0.0,T3/O2,gamma
1162,0.025,0.025,0.025,0.875,0.875,0.675,0.35,F8/P3,gamma
1163,0.0,0.0,0.0,0.025,0.025,0.0,0.0,F3/F4,gamma
1164,0.0,0.0,0.0,0.1,0.1,0.0,0.0,Fz/T5,gamma
1165,0.0,0.0,0.0,0.025,0.05,0.025,0.0,C3/P4,gamma
1166,0.0,0.0,0.0,0.1,0.1,0.05,0.0,Fp2/O2,gamma
1167,0.05,0.05,0.05,0.675,0.7,0.475,0.35,F8/T4,gamma
1168,0.0,0.0,0.0,0.325,0.275,0.075,0.0,Fp1/T5,gamma
1169,0.0,0.0,0.0,0.0,0.0,0.0,0.0,T3/P4,gamma
1170,0.0,0.0,0.0,0.225,0.225,0.1,0.1,T3/O1,gamma
1171,0.0,0.0,0.0,0.425,0.475,0.075,0.0,F3/T5,gamma
1172,0.0,0.0,0.0,0.05,0.05,0.025,0.0,F7/T6,gamma
1173,0.0,0.0,0.0,0.0,0.0,0.0,0.0,F8/C4,gamma
1174,0.0,0.0,0.0,0.1,0.125,0.025,0.0,F7/O1,gamma
1175,0.0,0.0,0.0,0.0,0.0,0.0,0.0,O1/O2,gamma
1176,0.0,0.0,0.0,0.525,0.5,0.2,0.075,F7/T3,gamma
1177,0.65,0.65,0.65,1.0,1.0,1.0,0.975,Fp1/F7,gamma
1178,0.0,0.0,0.0,0.0,0.0,0.0,0.0,C3/Cz,gamma
1179,0.0,0.0,0.0,0.525,0.55,0.2,0.1,Fp2/T5,gamma
1180,0.0,0.0,0.0,0.325,0.325,0.075,0.0,F7/P4,gamma
1181,0.0,0.0,0.0,0.025,0.025,0.0,0.0,F4/Cz,gamma
1182,0.0,0.0,0.0,0.275,0.25,0.075,0.025,Cz/T4,gamma
1183,0.0,0.0,0.0,0.0,0.0,0.0,0.0,Fz/O2,gamma
1184,0.0,0.0,0.0,0.375,0.375,0.15,0.0,F3/F8,gamma
1185,0.0,0.0,0.0,0.325,0.275,0.1,0.075,Fz/F4,gamma
1186,0.0,0.0,0.0,0.05,0.025,0.0,0.0,T6/O1,gamma
1187,0.0,0.0,0.0,0.175,0.175,0.05,0.0,T3/P3,gamma
1188,0.0,0.0,0.0,0.075,0.075,0.0,0.0,T4/P3,gamma
1189,0.0,0.0,0.0,0.0,0.0,0.0,0.0,Fp2/C4,gamma
1190,0.0,0.0,0.0,0.075,0.075,0.025,0.0,C4/O2,gamma
1191,0.0,0.0,0.0,0.0,0.0,0.0,0.0,P3/P4,gamma
1192,0.025,0.025,0.025,0.925,0.95,0.875,0.55,P3/O1,gamma
1193,0.0,0.0,0.0,0.575,0.625,0.3,0.125,Fp1/Fz,gamma
1194,0.0,0.0,0.0,0.375,0.45,0.125,0.025,F3/Fz,gamma
1195,0.0,0.0,0.0,0.125,0.15,0.025,0.0,F3/P3,gamma
1196,0.0,0.0,0.0,0.0,0.0,0.0,0.0,Pz/O1,gamma
